Time(s),Pos(rad),Vel(rad/s),Acc(rad/s^2)
0.0,0.5236,0.0,2.0
0.002,0.5236,0.004,2.0
0.004,0.5236,0.008,2.0
0.006,0.5236,0.012,2.0
0.008,0.5237,0.016,2.0
0.01,0.5237,0.02,2.0
0.012,0.5237,0.024,2.0
0.014,0.5238,0.028,2.0
0.016,0.5239,0.032,2.0
0.018,0.5239,0.036,2.0
0.02,0.524,0.04,2.0
0.022,0.5241,0.044,2.0
0.024,0.5242,0.048,2.0
0.026,0.5243,0.0521,2.0
0.028,0.5244,0.0561,2.0
0.03,0.5245,0.0601,2.0
0.032,0.5246,0.0641,2.0
0.034,0.5248,0.0681,2.0
0.036,0.5249,0.0721,2.0
0.038,0.525,0.0761,2.0
0.04,0.5252,0.0801,2.0
0.042,0.5254,0.0841,2.0
0.044,0.5255,0.0881,2.0
0.046,0.5257,0.0921,2.0
0.048,0.5259,0.0961,2.0
0.05,0.5261,0.1001,2.0
0.052,0.5263,0.1041,2.0
0.054,0.5265,0.1081,2.0
0.056,0.5267,0.1121,2.0
0.058,0.527,0.1161,2.0
0.06,0.5272,0.1201,2.0
0.062,0.5275,0.1241,2.0
0.064,0.5277,0.1281,2.0
0.066,0.528,0.1321,2.0
0.068,0.5282,0.1361,2.0
0.07,0.5285,0.1401,2.0
0.072,0.5288,0.1441,2.0
0.074,0.5291,0.1481,2.0
0.076,0.5294,0.1522,2.0
0.078,0.5297,0.1562,2.0
0.08,0.53,0.1602,2.0
0.082,0.5303,0.1642,2.0
0.084,0.5307,0.1682,2.0
0.086,0.531,0.1722,2.0
0.088,0.5314,0.1762,2.0
0.09,0.5317,0.1802,2.0
0.092,0.5321,0.1842,2.0
0.094,0.5325,0.1882,2.0
0.096,0.5328,0.1922,2.0
0.098,0.5332,0.1962,2.0
0.1,0.5336,0.2002,2.0
0.102,0.534,0.2042,2.0
0.104,0.5344,0.2082,2.0
0.106,0.5349,0.2122,2.0
0.108,0.5353,0.2162,2.0
0.11,0.5357,0.2202,2.0
0.112,0.5362,0.2242,2.0
0.114,0.5366,0.2282,2.0
0.116,0.5371,0.2322,2.0
0.118,0.5376,0.2362,2.0
0.12,0.538,0.2402,2.0
0.122,0.5385,0.2442,2.0
0.124,0.539,0.2482,2.0
0.126,0.5395,0.2523,2.0
0.128,0.54,0.2563,2.0
0.13,0.5405,0.2603,2.0
0.132,0.5411,0.2643,2.0
0.134,0.5416,0.2683,2.0
0.136,0.5421,0.2723,2.0
0.138,0.5427,0.2763,2.0
0.14,0.5432,0.2803,2.0
0.142,0.5438,0.2843,2.0
0.144,0.5444,0.2883,2.0
0.146,0.545,0.2923,2.0
0.148,0.5455,0.2963,2.0
0.15,0.5461,0.3003,2.0
0.152,0.5467,0.3043,2.0
0.154,0.5474,0.3083,2.0
0.156,0.548,0.3123,2.0
0.158,0.5486,0.3163,2.0
0.16,0.5493,0.3203,2.0
0.162,0.5499,0.3243,2.0
0.164,0.5505,0.3283,2.0
0.166,0.5512,0.3323,2.0
0.168,0.5519,0.3363,2.0
0.17,0.5526,0.3403,2.0
0.172,0.5532,0.3443,2.0
0.174,0.5539,0.3483,2.0
0.176,0.5546,0.3524,2.0
0.178,0.5553,0.3564,2.0
0.18,0.5561,0.3604,2.0
0.182,0.5568,0.3644,2.0
0.184,0.5575,0.3684,2.0
0.186,0.5583,0.3724,2.0
0.188,0.559,0.3764,2.0
0.19,0.5598,0.3804,2.0
0.192,0.5605,0.3844,2.0
0.194,0.5613,0.3884,2.0
0.196,0.5621,0.3924,2.0
0.198,0.5629,0.3964,2.0
0.2,0.5637,0.4004,2.0
0.202,0.5645,0.4044,2.0
0.204,0.5653,0.4084,2.0
0.206,0.5661,0.4124,2.0
0.208,0.5669,0.4164,2.0
0.21,0.5678,0.4204,2.0
0.212,0.5686,0.4244,2.0
0.214,0.5695,0.4284,2.0
0.216,0.5703,0.4324,2.0
0.218,0.5712,0.4364,2.0
0.22,0.5721,0.4404,2.0
0.222,0.573,0.4444,2.0
0.224,0.5739,0.4484,2.0
0.226,0.5748,0.4525,2.0
0.228,0.5757,0.4565,2.0
0.23,0.5766,0.4605,2.0
0.232,0.5775,0.4645,2.0
0.234,0.5785,0.4685,2.0
0.236,0.5794,0.4725,2.0
0.238,0.5804,0.4765,2.0
0.24,0.5813,0.4805,2.0
0.242,0.5823,0.4845,2.0
0.244,0.5833,0.4885,2.0
0.246,0.5842,0.4925,2.0
0.248,0.5852,0.4965,2.0
0.25,0.5862,0.5005,2.0
0.252,0.5872,0.5045,2.0
0.254,0.5882,0.5085,2.0
0.256,0.5893,0.5125,2.0
0.258,0.5903,0.5165,2.0
0.26,0.5913,0.5205,2.0
0.262,0.5924,0.5245,2.0
0.264,0.5934,0.5285,2.0
0.266,0.5945,0.5325,2.0
0.268,0.5956,0.5365,2.0
0.27,0.5966,0.5405,2.0
0.272,0.5977,0.5445,2.0
0.274,0.5988,0.5485,2.0
0.276,0.5999,0.5526,2.0
0.278,0.601,0.5566,2.0
0.28,0.6022,0.5606,2.0
0.282,0.6033,0.5646,2.0
0.284,0.6044,0.5686,2.0
0.286,0.6056,0.5726,2.0
0.288,0.6067,0.5766,2.0
0.29,0.6079,0.5806,2.0
0.292,0.609,0.5846,2.0
0.294,0.6102,0.5886,2.0
0.296,0.6114,0.5926,2.0
0.298,0.6126,0.5966,2.0
0.3,0.6138,0.6006,2.0
0.302,0.615,0.6046,2.0
0.304,0.6162,0.6086,2.0
0.306,0.6174,0.6126,2.0
0.308,0.6187,0.6166,2.0
0.31,0.6199,0.6206,2.0
0.312,0.6211,0.6246,2.0
0.314,0.6224,0.6286,2.0
0.316,0.6237,0.6326,2.0
0.318,0.6249,0.6366,2.0
0.32,0.6262,0.6406,2.0
0.322,0.6275,0.6446,2.0
0.324,0.6288,0.6486,2.0
0.326,0.6301,0.6527,2.0
0.328,0.6314,0.6567,2.0
0.33,0.6327,0.6607,2.0
0.332,0.634,0.6647,2.0
0.334,0.6354,0.6687,2.0
0.336,0.6367,0.6727,2.0
0.338,0.6381,0.6767,2.0
0.34,0.6394,0.6807,2.0
0.342,0.6408,0.6847,2.0
0.344,0.6422,0.6887,2.0
0.346,0.6436,0.6927,2.0
0.348,0.6449,0.6967,2.0
0.35,0.6463,0.7007,2.0
0.352,0.6478,0.7047,2.0
0.354,0.6492,0.7087,2.0
0.356,0.6506,0.7127,2.0
0.358,0.652,0.7167,2.0
0.36,0.6535,0.7207,2.0
0.362,0.6549,0.7247,2.0
0.364,0.6564,0.7287,2.0
0.366,0.6578,0.7327,2.0
0.368,0.6593,0.7367,2.0
0.37,0.6608,0.7407,2.0
0.372,0.6623,0.7447,2.0
0.374,0.6638,0.7487,2.0
0.376,0.6653,0.7528,2.0
0.378,0.6668,0.7568,2.0
0.38,0.6683,0.7608,2.0
0.382,0.6698,0.7648,2.0
0.384,0.6714,0.7688,2.0
0.386,0.6729,0.7728,2.0
0.388,0.6744,0.7768,2.0
0.39,0.676,0.7808,2.0
0.392,0.6776,0.7848,2.0
0.394,0.6791,0.7888,2.0
0.396,0.6807,0.7928,2.0
0.398,0.6823,0.7968,2.0
0.4,0.6839,0.8008,2.0
0.402,0.6855,0.8048,2.0
0.404,0.6871,0.8088,2.0
0.406,0.6888,0.8128,2.0
0.408,0.6904,0.8168,2.0
0.41,0.692,0.8208,2.0
0.412,0.6937,0.8248,2.0
0.414,0.6953,0.8288,2.0
0.416,0.697,0.8328,2.0
0.418,0.6987,0.8368,2.0
0.42,0.7004,0.8408,2.0
0.422,0.702,0.8448,2.0
0.424,0.7037,0.8488,2.0
0.426,0.7054,0.8529,2.0
0.428,0.7071,0.8569,2.0
0.43,0.7089,0.8609,2.0
0.432,0.7106,0.8649,2.0
0.434,0.7123,0.8689,2.0
0.436,0.7141,0.8729,2.0
0.438,0.7158,0.8769,2.0
0.44,0.7176,0.8809,2.0
0.442,0.7194,0.8849,2.0
0.444,0.7211,0.8889,2.0
0.446,0.7229,0.8929,2.0
0.448,0.7247,0.8969,2.0
0.45,0.7265,0.9009,2.0
0.452,0.7283,0.9049,2.0
0.454,0.7301,0.9089,2.0
0.456,0.732,0.9129,2.0
0.458,0.7338,0.9169,2.0
0.46,0.7356,0.9209,2.0
0.462,0.7375,0.9249,2.0
0.464,0.7393,0.9289,2.0
0.466,0.7412,0.9329,2.0
0.468,0.7431,0.9369,2.0
0.47,0.7449,0.9409,2.0
0.472,0.7468,0.9449,2.0
0.474,0.7487,0.9489,2.0
0.476,0.7506,0.953,2.0
0.478,0.7525,0.957,2.0
0.48,0.7545,0.961,2.0
0.482,0.7564,0.965,2.0
0.484,0.7583,0.969,2.0
0.486,0.7603,0.973,2.0
0.488,0.7622,0.977,2.0
0.49,0.7642,0.981,2.0
0.492,0.7661,0.985,2.0
0.494,0.7681,0.989,2.0
0.496,0.7701,0.993,2.0
0.498,0.7721,0.997,2.0
0.501,0.7741,1.001,2.0
0.503,0.7761,1.005,2.0
0.505,0.7781,1.009,2.0
0.507,0.7801,1.013,2.0
0.509,0.7822,1.017,2.0
0.511,0.7842,1.021,2.0
0.513,0.7863,1.025,2.0
0.515,0.7883,1.029,2.0
0.517,0.7904,1.033,2.0
0.519,0.7925,1.037,2.0
0.521,0.7945,1.041,2.0
0.523,0.7966,1.045,2.0
0.525,0.7987,1.049,2.0
0.527,0.8008,1.0531,2.0
0.529,0.8029,1.0571,2.0
0.531,0.8051,1.0611,2.0
0.533,0.8072,1.0651,2.0
0.535,0.8093,1.0691,2.0
0.537,0.8115,1.0731,2.0
0.539,0.8136,1.0771,2.0
0.541,0.8158,1.0811,2.0
0.543,0.818,1.0851,2.0
0.545,0.8201,1.0891,2.0
0.547,0.8223,1.0931,2.0
0.549,0.8245,1.0971,2.0
0.551,0.8267,1.1011,2.0
0.553,0.8289,1.1051,2.0
0.555,0.8311,1.1091,2.0
0.557,0.8334,1.1131,2.0
0.559,0.8356,1.1171,2.0
0.561,0.8378,1.1211,2.0
0.563,0.8401,1.1251,2.0
0.565,0.8423,1.1291,2.0
0.567,0.8446,1.1331,2.0
0.569,0.8469,1.1371,2.0
0.571,0.8491,1.1411,2.0
0.573,0.8514,1.1451,2.0
0.575,0.8537,1.1491,2.0
0.577,0.856,1.1532,2.0
0.579,0.8584,1.1572,2.0
0.581,0.8607,1.1612,2.0
0.583,0.863,1.1652,2.0
0.585,0.8653,1.1692,2.0
0.587,0.8677,1.1732,2.0
0.589,0.87,1.1772,2.0
0.591,0.8724,1.1812,2.0
0.593,0.8748,1.1852,2.0
0.595,0.8771,1.1892,2.0
0.597,0.8795,1.1932,2.0
0.599,0.8819,1.1972,2.0
0.601,0.8843,1.2012,2.0
0.603,0.8867,1.2052,2.0
0.605,0.8891,1.2092,2.0
0.607,0.8916,1.2132,2.0
0.609,0.894,1.2172,2.0
0.611,0.8964,1.2212,2.0
0.613,0.8989,1.2252,2.0
0.615,0.9013,1.2292,2.0
0.617,0.9038,1.2332,2.0
0.619,0.9063,1.2372,2.0
0.621,0.9088,1.2412,2.0
0.623,0.9113,1.2452,2.0
0.625,0.9138,1.2492,2.0
0.627,0.9163,1.2533,2.0
0.629,0.9188,1.2573,2.0
0.631,0.9213,1.2613,2.0
0.633,0.9238,1.2653,2.0
0.635,0.9264,1.2693,2.0
0.637,0.9289,1.2733,2.0
0.639,0.9315,1.2773,2.0
0.641,0.934,1.2813,2.0
0.643,0.9366,1.2853,2.0
0.645,0.9392,1.2893,2.0
0.647,0.9418,1.2933,2.0
0.649,0.9443,1.2973,2.0
0.651,0.9469,1.3013,2.0
0.653,0.9496,1.3053,2.0
0.655,0.9522,1.3093,2.0
0.657,0.9548,1.3133,2.0
0.659,0.9574,1.3173,2.0
0.661,0.9601,1.3213,2.0
0.663,0.9627,1.3253,2.0
0.665,0.9654,1.3293,2.0
0.667,0.968,1.3333,2.0
0.669,0.9707,1.3373,2.0
0.671,0.9734,1.3413,2.0
0.673,0.9761,1.3453,2.0
0.675,0.9788,1.3493,2.0
0.677,0.9815,1.3534,2.0
0.679,0.9842,1.3574,2.0
0.681,0.9869,1.3614,2.0
0.683,0.9897,1.3654,2.0
0.685,0.9924,1.3694,2.0
0.687,0.9951,1.3734,2.0
0.689,0.9979,1.3774,2.0
0.691,1.0007,1.3814,2.0
0.693,1.0034,1.3854,2.0
0.695,1.0062,1.3894,2.0
0.697,1.009,1.3934,2.0
0.699,1.0118,1.3974,2.0
0.701,1.0146,1.4014,2.0
0.703,1.0174,1.4054,2.0
0.705,1.0202,1.4094,2.0
0.707,1.023,1.4134,2.0
0.709,1.0259,1.4174,2.0
0.711,1.0287,1.4214,2.0
0.713,1.0316,1.4254,2.0
0.715,1.0344,1.4294,2.0
0.717,1.0373,1.4334,2.0
0.719,1.0402,1.4374,2.0
0.721,1.043,1.4414,2.0
0.723,1.0459,1.4454,2.0
0.725,1.0488,1.4494,2.0
0.727,1.0517,1.4535,2.0
0.729,1.0546,1.4575,2.0
0.731,1.0576,1.4615,2.0
0.733,1.0605,1.4655,2.0
0.735,1.0634,1.4695,2.0
0.737,1.0664,1.4735,2.0
0.739,1.0693,1.4775,2.0
0.741,1.0723,1.4815,2.0
0.743,1.0753,1.4855,2.0
0.745,1.0782,1.4895,2.0
0.747,1.0812,1.4935,2.0
0.749,1.0842,1.4975,2.0
0.751,1.0872,1.5015,2.0
0.753,1.0902,1.5055,2.0
0.755,1.0933,1.5095,2.0
0.757,1.0963,1.5135,2.0
0.759,1.0993,1.5175,2.0
0.761,1.1024,1.5215,2.0
0.763,1.1054,1.5255,2.0
0.765,1.1085,1.5295,2.0
0.767,1.1115,1.5335,2.0
0.769,1.1146,1.5375,2.0
0.771,1.1177,1.5415,2.0
0.773,1.1208,1.5455,2.0
0.775,1.1239,1.5495,2.0
0.777,1.127,1.5536,2.0
0.779,1.1301,1.5576,2.0
0.781,1.1332,1.5616,2.0
0.783,1.1363,1.5656,2.0
0.785,1.1395,1.5696,2.0
0.787,1.1426,1.5736,2.0
0.789,1.1458,1.5776,2.0
0.791,1.1489,1.5816,2.0
0.793,1.1521,1.5856,2.0
0.795,1.1553,1.5896,2.0
0.797,1.1585,1.5936,2.0
0.799,1.1617,1.5976,2.0
0.801,1.1649,1.6016,2.0
0.803,1.1681,1.6056,2.0
0.805,1.1713,1.6096,2.0
0.807,1.1745,1.6136,2.0
0.809,1.1778,1.6176,2.0
0.811,1.181,1.6216,2.0
0.813,1.1843,1.6256,2.0
0.815,1.1875,1.6296,2.0
0.817,1.1908,1.6336,2.0
0.819,1.1941,1.6376,2.0
0.821,1.1973,1.6416,2.0
0.823,1.2006,1.6456,2.0
0.825,1.2039,1.6496,2.0
0.827,1.2072,1.6537,2.0
0.829,1.2106,1.6577,2.0
0.831,1.2139,1.6617,2.0
0.833,1.2172,1.6657,2.0
0.835,1.2205,1.6697,2.0
0.837,1.2239,1.6737,2.0
0.839,1.2272,1.6777,2.0
0.841,1.2306,1.6817,2.0
0.843,1.234,1.6857,2.0
0.845,1.2374,1.6897,2.0
0.847,1.2407,1.6937,2.0
0.849,1.2441,1.6977,2.0
0.851,1.2475,1.7017,2.0
0.853,1.251,1.7057,2.0
0.855,1.2544,1.7097,2.0
0.857,1.2578,1.7137,2.0
0.859,1.2612,1.7177,2.0
0.861,1.2647,1.7217,2.0
0.863,1.2681,1.7257,2.0
0.865,1.2716,1.7297,2.0
0.867,1.2751,1.7337,2.0
0.869,1.2785,1.7377,2.0
0.871,1.282,1.7417,2.0
0.873,1.2855,1.7457,2.0
0.875,1.289,1.7497,2.0
0.877,1.2925,1.7538,2.0
0.879,1.296,1.7578,2.0
0.881,1.2995,1.7618,2.0
0.883,1.3031,1.7658,2.0
0.885,1.3066,1.7698,2.0
0.887,1.3102,1.7738,2.0
0.889,1.3137,1.7778,2.0
0.891,1.3173,1.7818,2.0
0.893,1.3209,1.7858,2.0
0.895,1.3244,1.7898,2.0
0.897,1.328,1.7938,2.0
0.899,1.3316,1.7978,2.0
0.901,1.3352,1.8018,2.0
0.903,1.3388,1.8058,2.0
0.905,1.3425,1.8098,2.0
0.907,1.3461,1.8138,2.0
0.909,1.3497,1.8178,2.0
0.911,1.3534,1.8218,2.0
0.913,1.357,1.8258,2.0
0.915,1.3607,1.8298,2.0
0.917,1.3643,1.8338,2.0
0.919,1.368,1.8378,2.0
0.921,1.3717,1.8418,2.0
0.923,1.3754,1.8458,2.0
0.925,1.3791,1.8498,2.0
0.927,1.3828,1.8539,2.0
0.929,1.3865,1.8579,2.0
0.931,1.3902,1.8619,2.0
0.933,1.394,1.8659,2.0
0.935,1.3977,1.8699,2.0
0.937,1.4014,1.8739,2.0
0.939,1.4052,1.8779,2.0
0.941,1.409,1.8819,2.0
0.943,1.4127,1.8859,2.0
0.945,1.4165,1.8899,2.0
0.947,1.4203,1.8939,2.0
0.949,1.4241,1.8979,2.0
0.951,1.4279,1.9019,2.0
0.953,1.4317,1.9059,2.0
0.955,1.4355,1.9099,2.0
0.957,1.4394,1.9139,2.0
0.959,1.4432,1.9179,2.0
0.961,1.447,1.9219,2.0
0.963,1.4509,1.9259,2.0
0.965,1.4548,1.9299,2.0
0.967,1.4586,1.9339,2.0
0.969,1.4625,1.9379,2.0
0.971,1.4664,1.9419,2.0
0.973,1.4703,1.9459,2.0
0.975,1.4742,1.9499,2.0
0.977,1.4781,1.954,2.0
0.979,1.482,1.958,2.0
0.981,1.4859,1.962,2.0
0.983,1.4899,1.966,2.0
0.985,1.4938,1.97,2.0
0.987,1.4977,1.974,2.0
0.989,1.5017,1.978,2.0
0.991,1.5057,1.982,2.0
0.993,1.5096,1.986,2.0
0.995,1.5136,1.99,2.0
0.997,1.5176,1.994,2.0
0.999,1.5216,1.998,2.0
1.001,1.5256,1.998,-2.0
1.003,1.5296,1.994,-2.0
1.005,1.5336,1.99,-2.0
1.007,1.5376,1.986,-2.0
1.009,1.5415,1.982,-2.0
1.011,1.5455,1.978,-2.0
1.013,1.5495,1.974,-2.0
1.015,1.5534,1.97,-2.0
1.017,1.5573,1.966,-2.0
1.019,1.5613,1.962,-2.0
1.021,1.5652,1.958,-2.0
1.023,1.5691,1.954,-2.0
1.025,1.573,1.9499,-2.0
1.027,1.5769,1.9459,-2.0
1.029,1.5808,1.9419,-2.0
1.031,1.5847,1.9379,-2.0
1.033,1.5886,1.9339,-2.0
1.035,1.5924,1.9299,-2.0
1.037,1.5963,1.9259,-2.0
1.039,1.6002,1.9219,-2.0
1.041,1.604,1.9179,-2.0
1.043,1.6078,1.9139,-2.0
1.045,1.6117,1.9099,-2.0
1.047,1.6155,1.9059,-2.0
1.049,1.6193,1.9019,-2.0
1.051,1.6231,1.8979,-2.0
1.053,1.6269,1.8939,-2.0
1.055,1.6307,1.8899,-2.0
1.057,1.6345,1.8859,-2.0
1.059,1.6382,1.8819,-2.0
1.061,1.642,1.8779,-2.0
1.063,1.6457,1.8739,-2.0
1.065,1.6495,1.8699,-2.0
1.067,1.6532,1.8659,-2.0
1.069,1.657,1.8619,-2.0
1.071,1.6607,1.8579,-2.0
1.073,1.6644,1.8539,-2.0
1.075,1.6681,1.8498,-2.0
1.077,1.6718,1.8458,-2.0
1.079,1.6755,1.8418,-2.0
1.081,1.6792,1.8378,-2.0
1.083,1.6829,1.8338,-2.0
1.085,1.6865,1.8298,-2.0
1.087,1.6902,1.8258,-2.0
1.089,1.6938,1.8218,-2.0
1.091,1.6975,1.8178,-2.0
1.093,1.7011,1.8138,-2.0
1.095,1.7047,1.8098,-2.0
1.097,1.7084,1.8058,-2.0
1.099,1.712,1.8018,-2.0
1.101,1.7156,1.7978,-2.0
1.103,1.7192,1.7938,-2.0
1.105,1.7228,1.7898,-2.0
1.107,1.7263,1.7858,-2.0
1.109,1.7299,1.7818,-2.0
1.111,1.7335,1.7778,-2.0
1.113,1.737,1.7738,-2.0
1.115,1.7406,1.7698,-2.0
1.117,1.7441,1.7658,-2.0
1.119,1.7476,1.7618,-2.0
1.121,1.7512,1.7578,-2.0
1.123,1.7547,1.7538,-2.0
1.125,1.7582,1.7497,-2.0
1.127,1.7617,1.7457,-2.0
1.129,1.7652,1.7417,-2.0
1.131,1.7687,1.7377,-2.0
1.133,1.7721,1.7337,-2.0
1.135,1.7756,1.7297,-2.0
1.137,1.7791,1.7257,-2.0
1.139,1.7825,1.7217,-2.0
1.141,1.786,1.7177,-2.0
1.143,1.7894,1.7137,-2.0
1.145,1.7928,1.7097,-2.0
1.147,1.7962,1.7057,-2.0
1.149,1.7997,1.7017,-2.0
1.151,1.8031,1.6977,-2.0
1.153,1.8064,1.6937,-2.0
1.155,1.8098,1.6897,-2.0
1.157,1.8132,1.6857,-2.0
1.159,1.8166,1.6817,-2.0
1.161,1.8199,1.6777,-2.0
1.163,1.8233,1.6737,-2.0
1.165,1.8266,1.6697,-2.0
1.167,1.83,1.6657,-2.0
1.169,1.8333,1.6617,-2.0
1.171,1.8366,1.6577,-2.0
1.173,1.84,1.6537,-2.0
1.175,1.8433,1.6496,-2.0
1.177,1.8466,1.6456,-2.0
1.179,1.8499,1.6416,-2.0
1.181,1.8531,1.6376,-2.0
1.183,1.8564,1.6336,-2.0
1.185,1.8597,1.6296,-2.0
1.187,1.8629,1.6256,-2.0
1.189,1.8662,1.6216,-2.0
1.191,1.8694,1.6176,-2.0
1.193,1.8727,1.6136,-2.0
1.195,1.8759,1.6096,-2.0
1.197,1.8791,1.6056,-2.0
1.199,1.8823,1.6016,-2.0
1.201,1.8855,1.5976,-2.0
1.203,1.8887,1.5936,-2.0
1.205,1.8919,1.5896,-2.0
1.207,1.8951,1.5856,-2.0
1.209,1.8982,1.5816,-2.0
1.211,1.9014,1.5776,-2.0
1.213,1.9046,1.5736,-2.0
1.215,1.9077,1.5696,-2.0
1.217,1.9108,1.5656,-2.0
1.219,1.914,1.5616,-2.0
1.221,1.9171,1.5576,-2.0
1.223,1.9202,1.5536,-2.0
1.225,1.9233,1.5495,-2.0
1.227,1.9264,1.5455,-2.0
1.229,1.9295,1.5415,-2.0
1.231,1.9326,1.5375,-2.0
1.233,1.9357,1.5335,-2.0
1.235,1.9387,1.5295,-2.0
1.237,1.9418,1.5255,-2.0
1.239,1.9448,1.5215,-2.0
1.241,1.9479,1.5175,-2.0
1.243,1.9509,1.5135,-2.0
1.245,1.9539,1.5095,-2.0
1.247,1.957,1.5055,-2.0
1.249,1.96,1.5015,-2.0
1.251,1.963,1.4975,-2.0
1.253,1.966,1.4935,-2.0
1.255,1.969,1.4895,-2.0
1.257,1.9719,1.4855,-2.0
1.259,1.9749,1.4815,-2.0
1.261,1.9779,1.4775,-2.0
1.263,1.9808,1.4735,-2.0
1.265,1.9838,1.4695,-2.0
1.267,1.9867,1.4655,-2.0
1.269,1.9896,1.4615,-2.0
1.271,1.9926,1.4575,-2.0
1.273,1.9955,1.4535,-2.0
1.275,1.9984,1.4494,-2.0
1.277,2.0013,1.4454,-2.0
1.279,2.0042,1.4414,-2.0
1.281,2.007,1.4374,-2.0
1.283,2.0099,1.4334,-2.0
1.285,2.0128,1.4294,-2.0
1.287,2.0156,1.4254,-2.0
1.289,2.0185,1.4214,-2.0
1.291,2.0213,1.4174,-2.0
1.293,2.0242,1.4134,-2.0
1.295,2.027,1.4094,-2.0
1.297,2.0298,1.4054,-2.0
1.299,2.0326,1.4014,-2.0
1.301,2.0354,1.3974,-2.0
1.303,2.0382,1.3934,-2.0
1.305,2.041,1.3894,-2.0
1.307,2.0438,1.3854,-2.0
1.309,2.0465,1.3814,-2.0
1.311,2.0493,1.3774,-2.0
1.313,2.0521,1.3734,-2.0
1.315,2.0548,1.3694,-2.0
1.317,2.0575,1.3654,-2.0
1.319,2.0603,1.3614,-2.0
1.321,2.063,1.3574,-2.0
1.323,2.0657,1.3534,-2.0
1.325,2.0684,1.3493,-2.0
1.327,2.0711,1.3453,-2.0
1.329,2.0738,1.3413,-2.0
1.331,2.0765,1.3373,-2.0
1.333,2.0792,1.3333,-2.0
1.335,2.0818,1.3293,-2.0
1.337,2.0845,1.3253,-2.0
1.339,2.0871,1.3213,-2.0
1.341,2.0898,1.3173,-2.0
1.343,2.0924,1.3133,-2.0
1.345,2.095,1.3093,-2.0
1.347,2.0976,1.3053,-2.0
1.349,2.1003,1.3013,-2.0
1.351,2.1029,1.2973,-2.0
1.353,2.1054,1.2933,-2.0
1.355,2.108,1.2893,-2.0
1.357,2.1106,1.2853,-2.0
1.359,2.1132,1.2813,-2.0
1.361,2.1157,1.2773,-2.0
1.363,2.1183,1.2733,-2.0
1.365,2.1208,1.2693,-2.0
1.367,2.1234,1.2653,-2.0
1.369,2.1259,1.2613,-2.0
1.371,2.1284,1.2573,-2.0
1.373,2.1309,1.2533,-2.0
1.375,2.1334,1.2492,-2.0
1.377,2.1359,1.2452,-2.0
1.379,2.1384,1.2412,-2.0
1.381,2.1409,1.2372,-2.0
1.383,2.1434,1.2332,-2.0
1.385,2.1458,1.2292,-2.0
1.387,2.1483,1.2252,-2.0
1.389,2.1508,1.2212,-2.0
1.391,2.1532,1.2172,-2.0
1.393,2.1556,1.2132,-2.0
1.395,2.1581,1.2092,-2.0
1.397,2.1605,1.2052,-2.0
1.399,2.1629,1.2012,-2.0
1.401,2.1653,1.1972,-2.0
1.403,2.1677,1.1932,-2.0
1.405,2.1701,1.1892,-2.0
1.407,2.1724,1.1852,-2.0
1.409,2.1748,1.1812,-2.0
1.411,2.1772,1.1772,-2.0
1.413,2.1795,1.1732,-2.0
1.415,2.1819,1.1692,-2.0
1.417,2.1842,1.1652,-2.0
1.419,2.1865,1.1612,-2.0
1.421,2.1888,1.1572,-2.0
1.423,2.1912,1.1532,-2.0
1.425,2.1935,1.1491,-2.0
1.427,2.1958,1.1451,-2.0
1.429,2.198,1.1411,-2.0
1.431,2.2003,1.1371,-2.0
1.433,2.2026,1.1331,-2.0
1.435,2.2049,1.1291,-2.0
1.437,2.2071,1.1251,-2.0
1.439,2.2094,1.1211,-2.0
1.441,2.2116,1.1171,-2.0
1.443,2.2138,1.1131,-2.0
1.445,2.2161,1.1091,-2.0
1.447,2.2183,1.1051,-2.0
1.449,2.2205,1.1011,-2.0
1.451,2.2227,1.0971,-2.0
1.453,2.2249,1.0931,-2.0
1.455,2.2271,1.0891,-2.0
1.457,2.2292,1.0851,-2.0
1.459,2.2314,1.0811,-2.0
1.461,2.2336,1.0771,-2.0
1.463,2.2357,1.0731,-2.0
1.465,2.2379,1.0691,-2.0
1.467,2.24,1.0651,-2.0
1.469,2.2421,1.0611,-2.0
1.471,2.2443,1.0571,-2.0
1.473,2.2464,1.0531,-2.0
1.475,2.2485,1.049,-2.0
1.477,2.2506,1.045,-2.0
1.479,2.2527,1.041,-2.0
1.481,2.2547,1.037,-2.0
1.483,2.2568,1.033,-2.0
1.485,2.2589,1.029,-2.0
1.487,2.2609,1.025,-2.0
1.489,2.263,1.021,-2.0
1.491,2.265,1.017,-2.0
1.493,2.267,1.013,-2.0
1.495,2.2691,1.009,-2.0
1.497,2.2711,1.005,-2.0
1.499,2.2731,1.001,-2.0
1.502,2.2751,0.997,-2.0
1.504,2.2771,0.993,-2.0
1.506,2.2791,0.989,-2.0
1.508,2.281,0.985,-2.0
1.51,2.283,0.981,-2.0
1.512,2.285,0.977,-2.0
1.514,2.2869,0.973,-2.0
1.516,2.2889,0.969,-2.0
1.518,2.2908,0.965,-2.0
1.52,2.2927,0.961,-2.0
1.522,2.2947,0.957,-2.0
1.524,2.2966,0.953,-2.0
1.526,2.2985,0.9489,-2.0
1.528,2.3004,0.9449,-2.0
1.53,2.3023,0.9409,-2.0
1.532,2.3041,0.9369,-2.0
1.534,2.306,0.9329,-2.0
1.536,2.3079,0.9289,-2.0
1.538,2.3097,0.9249,-2.0
1.54,2.3116,0.9209,-2.0
1.542,2.3134,0.9169,-2.0
1.544,2.3152,0.9129,-2.0
1.546,2.3171,0.9089,-2.0
1.548,2.3189,0.9049,-2.0
1.55,2.3207,0.9009,-2.0
1.552,2.3225,0.8969,-2.0
1.554,2.3243,0.8929,-2.0
1.556,2.3261,0.8889,-2.0
1.558,2.3278,0.8849,-2.0
1.56,2.3296,0.8809,-2.0
1.562,2.3314,0.8769,-2.0
1.564,2.3331,0.8729,-2.0
1.566,2.3349,0.8689,-2.0
1.568,2.3366,0.8649,-2.0
1.57,2.3383,0.8609,-2.0
1.572,2.34,0.8569,-2.0
1.574,2.3418,0.8529,-2.0
1.576,2.3435,0.8488,-2.0
1.578,2.3452,0.8448,-2.0
1.58,2.3468,0.8408,-2.0
1.582,2.3485,0.8368,-2.0
1.584,2.3502,0.8328,-2.0
1.586,2.3519,0.8288,-2.0
1.588,2.3535,0.8248,-2.0
1.59,2.3552,0.8208,-2.0
1.592,2.3568,0.8168,-2.0
1.594,2.3584,0.8128,-2.0
1.596,2.3601,0.8088,-2.0
1.598,2.3617,0.8048,-2.0
1.6,2.3633,0.8008,-2.0
1.602,2.3649,0.7968,-2.0
1.604,2.3665,0.7928,-2.0
1.606,2.3681,0.7888,-2.0
1.608,2.3696,0.7848,-2.0
1.61,2.3712,0.7808,-2.0
1.612,2.3728,0.7768,-2.0
1.614,2.3743,0.7728,-2.0
1.616,2.3758,0.7688,-2.0
1.618,2.3774,0.7648,-2.0
1.62,2.3789,0.7608,-2.0
1.622,2.3804,0.7568,-2.0
1.624,2.3819,0.7528,-2.0
1.626,2.3834,0.7487,-2.0
1.628,2.3849,0.7447,-2.0
1.63,2.3864,0.7407,-2.0
1.632,2.3879,0.7367,-2.0
1.634,2.3894,0.7327,-2.0
1.636,2.3908,0.7287,-2.0
1.638,2.3923,0.7247,-2.0
1.64,2.3937,0.7207,-2.0
1.642,2.3952,0.7167,-2.0
1.644,2.3966,0.7127,-2.0
1.646,2.398,0.7087,-2.0
1.648,2.3994,0.7047,-2.0
1.65,2.4009,0.7007,-2.0
1.652,2.4023,0.6967,-2.0
1.654,2.4036,0.6927,-2.0
1.656,2.405,0.6887,-2.0
1.658,2.4064,0.6847,-2.0
1.66,2.4078,0.6807,-2.0
1.662,2.4091,0.6767,-2.0
1.664,2.4105,0.6727,-2.0
1.666,2.4118,0.6687,-2.0
1.668,2.4132,0.6647,-2.0
1.67,2.4145,0.6607,-2.0
1.672,2.4158,0.6567,-2.0
1.674,2.4171,0.6527,-2.0
1.676,2.4184,0.6486,-2.0
1.678,2.4197,0.6446,-2.0
1.68,2.421,0.6406,-2.0
1.682,2.4223,0.6366,-2.0
1.684,2.4235,0.6326,-2.0
1.686,2.4248,0.6286,-2.0
1.688,2.4261,0.6246,-2.0
1.69,2.4273,0.6206,-2.0
1.692,2.4285,0.6166,-2.0
1.694,2.4298,0.6126,-2.0
1.696,2.431,0.6086,-2.0
1.698,2.4322,0.6046,-2.0
1.7,2.4334,0.6006,-2.0
1.702,2.4346,0.5966,-2.0
1.704,2.4358,0.5926,-2.0
1.706,2.437,0.5886,-2.0
1.708,2.4382,0.5846,-2.0
1.71,2.4393,0.5806,-2.0
1.712,2.4405,0.5766,-2.0
1.714,2.4416,0.5726,-2.0
1.716,2.4428,0.5686,-2.0
1.718,2.4439,0.5646,-2.0
1.72,2.445,0.5606,-2.0
1.722,2.4462,0.5566,-2.0
1.724,2.4473,0.5526,-2.0
1.726,2.4484,0.5485,-2.0
1.728,2.4495,0.5445,-2.0
1.73,2.4506,0.5405,-2.0
1.732,2.4516,0.5365,-2.0
1.734,2.4527,0.5325,-2.0
1.736,2.4538,0.5285,-2.0
1.738,2.4548,0.5245,-2.0
1.74,2.4559,0.5205,-2.0
1.742,2.4569,0.5165,-2.0
1.744,2.4579,0.5125,-2.0
1.746,2.459,0.5085,-2.0
1.748,2.46,0.5045,-2.0
1.75,2.461,0.5005,-2.0
1.752,2.462,0.4965,-2.0
1.754,2.463,0.4925,-2.0
1.756,2.4639,0.4885,-2.0
1.758,2.4649,0.4845,-2.0
1.76,2.4659,0.4805,-2.0
1.762,2.4668,0.4765,-2.0
1.764,2.4678,0.4725,-2.0
1.766,2.4687,0.4685,-2.0
1.768,2.4697,0.4645,-2.0
1.77,2.4706,0.4605,-2.0
1.772,2.4715,0.4565,-2.0
1.774,2.4724,0.4525,-2.0
1.776,2.4733,0.4484,-2.0
1.778,2.4742,0.4444,-2.0
1.78,2.4751,0.4404,-2.0
1.782,2.476,0.4364,-2.0
1.784,2.4768,0.4324,-2.0
1.786,2.4777,0.4284,-2.0
1.788,2.4786,0.4244,-2.0
1.79,2.4794,0.4204,-2.0
1.792,2.4802,0.4164,-2.0
1.794,2.4811,0.4124,-2.0
1.796,2.4819,0.4084,-2.0
1.798,2.4827,0.4044,-2.0
1.8,2.4835,0.4004,-2.0
1.802,2.4843,0.3964,-2.0
1.804,2.4851,0.3924,-2.0
1.806,2.4859,0.3884,-2.0
1.808,2.4867,0.3844,-2.0
1.81,2.4874,0.3804,-2.0
1.812,2.4882,0.3764,-2.0
1.814,2.4889,0.3724,-2.0
1.816,2.4897,0.3684,-2.0
1.818,2.4904,0.3644,-2.0
1.82,2.4911,0.3604,-2.0
1.822,2.4919,0.3564,-2.0
1.824,2.4926,0.3524,-2.0
1.826,2.4933,0.3483,-2.0
1.828,2.494,0.3443,-2.0
1.83,2.4946,0.3403,-2.0
1.832,2.4953,0.3363,-2.0
1.834,2.496,0.3323,-2.0
1.836,2.4966,0.3283,-2.0
1.838,2.4973,0.3243,-2.0
1.84,2.4979,0.3203,-2.0
1.842,2.4986,0.3163,-2.0
1.844,2.4992,0.3123,-2.0
1.846,2.4998,0.3083,-2.0
1.848,2.5004,0.3043,-2.0
1.85,2.5011,0.3003,-2.0
1.852,2.5017,0.2963,-2.0
1.854,2.5022,0.2923,-2.0
1.856,2.5028,0.2883,-2.0
1.858,2.5034,0.2843,-2.0
1.86,2.504,0.2803,-2.0
1.862,2.5045,0.2763,-2.0
1.864,2.5051,0.2723,-2.0
1.866,2.5056,0.2683,-2.0
1.868,2.5061,0.2643,-2.0
1.87,2.5067,0.2603,-2.0
1.872,2.5072,0.2563,-2.0
1.874,2.5077,0.2523,-2.0
1.876,2.5082,0.2482,-2.0
1.878,2.5087,0.2442,-2.0
1.88,2.5092,0.2402,-2.0
1.882,2.5096,0.2362,-2.0
1.884,2.5101,0.2322,-2.0
1.886,2.5106,0.2282,-2.0
1.888,2.511,0.2242,-2.0
1.89,2.5115,0.2202,-2.0
1.892,2.5119,0.2162,-2.0
1.894,2.5123,0.2122,-2.0
1.896,2.5128,0.2082,-2.0
1.898,2.5132,0.2042,-2.0
1.9,2.5136,0.2002,-2.0
1.902,2.514,0.1962,-2.0
1.904,2.5144,0.1922,-2.0
1.906,2.5147,0.1882,-2.0
1.908,2.5151,0.1842,-2.0
1.91,2.5155,0.1802,-2.0
1.912,2.5158,0.1762,-2.0
1.914,2.5162,0.1722,-2.0
1.916,2.5165,0.1682,-2.0
1.918,2.5169,0.1642,-2.0
1.92,2.5172,0.1602,-2.0
1.922,2.5175,0.1562,-2.0
1.924,2.5178,0.1522,-2.0
1.926,2.5181,0.1481,-2.0
1.928,2.5184,0.1441,-2.0
1.93,2.5187,0.1401,-2.0
1.932,2.519,0.1361,-2.0
1.934,2.5192,0.1321,-2.0
1.936,2.5195,0.1281,-2.0
1.938,2.5197,0.1241,-2.0
1.94,2.52,0.1201,-2.0
1.942,2.5202,0.1161,-2.0
1.944,2.5205,0.1121,-2.0
1.946,2.5207,0.1081,-2.0
1.948,2.5209,0.1041,-2.0
1.95,2.5211,0.1001,-2.0
1.952,2.5213,0.0961,-2.0
1.954,2.5215,0.0921,-2.0
1.956,2.5217,0.0881,-2.0
1.958,2.5218,0.0841,-2.0
1.96,2.522,0.0801,-2.0
1.962,2.5222,0.0761,-2.0
1.964,2.5223,0.0721,-2.0
1.966,2.5224,0.0681,-2.0
1.968,2.5226,0.0641,-2.0
1.97,2.5227,0.0601,-2.0
1.972,2.5228,0.0561,-2.0
1.974,2.5229,0.0521,-2.0
1.976,2.523,0.048,-2.0
1.978,2.5231,0.044,-2.0
1.98,2.5232,0.04,-2.0
1.982,2.5233,0.036,-2.0
1.984,2.5233,0.032,-2.0
1.986,2.5234,0.028,-2.0
1.988,2.5235,0.024,-2.0
1.99,2.5235,0.02,-2.0
1.992,2.5235,0.016,-2.0
1.994,2.5236,0.012,-2.0
1.996,2.5236,0.008,-2.0
1.998,2.5236,0.004,-2.0
2.0,2.5236,0.0,-2.0
