timestamp,J1,J2,J3,J4,J5,J6,fan_percent
2026-09-10T10:16:49,47.61,46.47,46.42,46.0,44.98,45.91,0
2026-09-10T10:16:50,45.44,44.97,46.62,44.59,45.29,44.82,0
2026-09-10T10:16:50,45.0,47.09,45.35,47.08,45.18,44.87,0
2026-09-10T10:16:51,46.64,45.99,44.6,45.71,46.33,45.48,0
2026-09-10T10:16:51,44.78,43.96,44.54,45.05,46.39,43.73,0
2026-09-10T10:16:52,44.36,43.76,45.96,45.11,43.66,44.07,0
2026-09-10T10:16:52,43.97,43.88,44.87,45.58,43.26,44.77,0
2026-09-10T10:16:53,43.14,45.33,44.42,45.5,44.05,43.88,0
2026-09-10T10:16:53,44.43,44.79,45.32,42.77,45.13,45.39,0
2026-09-10T10:16:54,43.82,44.27,44.61,45.33,43.14,43.76,0
2026-09-10T10:16:54,45.05,42.48,44.42,42.87,44.11,43.67,0
2026-09-10T10:16:55,44.56,43.7,43.8,44.75,42.28,42.1,0
2026-09-10T10:16:55,43.38,43.53,43.46,42.65,43.99,44.36,0
2026-09-10T10:16:56,41.5,42.69,43.8,44.24,41.94,43.36,0
2026-09-10T10:16:56,41.72,42.06,42.88,43.02,43.62,42.27,0
2026-09-10T15:09:13,39.11,38.92,39.16,38.89,40.85,39.12,0
2026-09-10T15:09:14,39.82,40.81,40.24,38.1,39.04,39.14,0
2026-09-10T15:09:14,38.51,39.33,40.12,40.43,39.81,38.74,0
2026-09-10T15:09:15,38.29,37.64,40.36,40.5,39.03,38.55,0
2026-09-10T15:09:15,39.76,38.85,37.59,37.56,37.44,38.98,0
2026-09-10T15:09:16,37.96,37.63,37.45,39.38,40.08,39.9,0
2026-09-10T15:09:16,39.03,38.73,39.61,39.64,38.25,39.21,0
2026-09-10T15:09:17,39.17,39.15,37.37,37.42,39.81,39.59,0
2026-09-10T15:09:17,36.89,36.92,37.7,38.59,37.96,39.18,0
2026-09-10T15:09:18,38.04,39.21,37.92,39.67,38.27,37.99,0
2026-09-10T15:09:18,38.6,36.87,38.76,36.75,38.49,37.17,0
2026-09-10T15:09:19,38.89,37.68,36.82,37.71,37.14,37.49,0
2026-09-10T15:09:19,36.5,39.2,39.23,38.91,38.89,36.73,0
2026-09-10T15:09:20,39.06,39.11,38.98,38.57,38.82,36.59,0
2026-09-10T15:09:20,37.81,38.6,38.28,36.56,38.15,37.81,0
2026-09-10T15:09:21,36.41,38.79,37.8,37.63,37.6,36.44,0
2026-09-10T15:09:21,38.67,38.89,37.98,38.83,37.31,36.73,0
2026-09-10T15:09:22,37.76,38.93,36.59,35.98,38.05,38.35,0
2026-09-10T15:09:22,36.7,38.79,38.06,37.96,37.59,37.38,0
2026-09-10T15:09:23,36.97,38.18,36.92,38.88,36.89,36.76,0
2026-09-10T15:09:23,38.03,37.79,38.79,37.71,36.07,36.03,0
2026-09-10T15:09:24,37.92,37.19,38.61,38.79,37.87,37.56,0
2026-09-10T15:09:24,38.31,36.63,38.6,35.82,37.69,37.52,0
2026-09-10T15:09:25,38.01,37.46,36.36,37.35,37.63,37.88,0
2026-09-10T15:09:25,38.52,38.53,36.3,36.56,38.33,36.64,0
2026-09-10T15:09:26,36.5,38.72,37.61,37.54,36.39,36.52,0
2026-09-10T15:09:26,36.01,38.57,36.62,37.82,36.39,37.83,0
2026-09-10T15:09:27,38.63,36.53,38.05,37.44,38.17,37.74,0
2026-09-10T15:09:27,36.71,36.15,38.41,36.29,36.59,37.66,0
2026-09-10T15:09:28,36.26,37.5,36.27,37.47,36.55,37.65,0
2026-09-10T15:09:28,38.36,37.67,37.41,37.09,38.19,38.73,0
2026-09-10T15:09:29,37.47,36.13,36.53,37.81,36.71,37.05,0
2026-09-10T15:09:29,38.53,38.68,38.71,37.35,37.15,38.68,0
2026-09-10T15:09:30,36.36,38.55,37.0,37.84,38.85,38.67,0
2026-09-10T15:09:30,37.95,36.57,38.0,39.08,37.17,36.62,0
2026-09-10T15:09:31,38.03,37.56,37.79,36.74,37.34,39.34,0
2026-09-10T15:09:31,38.3,36.65,36.86,38.53,39.15,37.22,0
2026-09-10T15:09:32,37.87,37.93,37.69,37.38,37.33,38.05,0
2026-09-10T15:09:32,38.84,37.17,39.75,39.5,36.79,36.95,0
2026-09-10T15:09:33,37.58,39.09,39.24,38.25,38.9,38.62,0
2026-09-10T15:09:33,37.95,39.73,38.71,39.7,38.56,38.8,0
2026-09-10T15:09:34,38.85,37.73,38.46,39.77,38.75,39.52,0
2026-09-10T15:09:34,39.13,39.9,39.23,39.59,38.25,40.12,0
2026-09-10T15:09:35,38.94,39.98,38.06,37.53,38.61,38.61,0
2026-09-10T15:09:35,39.33,40.39,38.36,39.24,40.3,40.54,0
2026-09-10T15:09:36,38.57,39.56,38.63,38.75,38.58,38.22,0
2026-09-10T15:09:36,40.21,40.18,39.44,38.81,39.7,40.46,0
2026-09-10T15:09:37,38.59,40.65,39.37,38.82,38.62,38.54,0
2026-09-10T15:09:37,40.53,39.16,40.18,38.44,41.2,41.32,0
2026-09-10T15:09:38,40.29,41.53,41.15,41.17,40.58,39.94,0
2026-09-10T15:09:38,40.62,39.5,41.15,40.66,39.79,41.09,0
2026-09-10T15:09:39,40.12,41.27,39.12,41.67,41.05,40.59,0
2026-09-10T15:09:39,40.76,40.87,42.04,41.54,42.09,42.22,0
2026-09-10T15:09:40,40.05,42.03,40.78,39.48,39.69,41.98,0
2026-09-10T15:09:40,41.12,42.57,40.92,39.71,41.35,41.02,0
2026-09-10T15:09:41,41.22,41.84,40.77,42.14,41.99,40.72,0
2026-09-10T15:09:41,41.51,41.12,41.72,41.07,41.54,42.76,0
2026-09-10T15:09:42,43.19,42.52,43.22,42.41,43.29,40.71,0
2026-09-10T15:09:42,43.54,41.54,43.42,42.34,41.71,41.08,0
2026-09-10T15:09:43,41.64,42.76,43.39,43.56,41.5,42.7,0
2026-09-10T15:09:43,43.82,43.43,41.35,42.72,41.93,43.74,0
2026-09-10T15:09:44,43.79,42.06,43.85,43.82,43.74,43.65,0
2026-09-10T15:09:44,43.54,41.68,44.62,41.84,42.1,43.85,0
2026-09-10T15:09:45,43.64,44.38,42.84,42.82,44.6,43.23,0
2026-09-10T15:09:45,44.71,44.61,44.23,42.99,44.97,43.69,0
2026-09-10T15:09:46,44.78,43.17,43.54,45.33,42.68,44.18,0
2026-09-10T15:09:46,45.14,43.46,43.93,44.78,45.1,42.99,0
2026-09-10T15:09:47,43.58,45.67,43.73,44.65,45.2,44.06,0
2026-09-10T15:09:47,43.97,45.5,44.27,44.49,45.82,45.51,0
2026-09-10T15:09:48,44.67,45.94,45.26,45.72,46.31,45.65,0
2026-09-10T15:09:48,44.39,45.3,46.64,46.3,44.74,44.24,0
2026-09-10T15:09:49,44.93,45.79,45.03,44.24,45.05,44.79,0
2026-09-10T15:09:49,47.1,46.25,44.71,46.62,45.59,44.96,0
2026-09-10T15:09:50,46.9,47.34,45.67,44.95,47.88,46.71,0
2026-09-10T15:09:50,45.59,46.09,48.16,47.31,45.89,46.28,40
2026-09-10T15:09:51,46.17,46.84,46.03,47.99,47.33,45.13,40
2026-09-10T15:09:51,47.36,48.01,47.3,45.39,47.95,47.55,40
2026-09-10T15:09:52,47.62,48.45,46.92,48.53,49.4,47.48,43
2026-09-10T15:09:52,48.42,48.6,47.44,45.94,47.44,47.19,41
2026-09-10T15:09:53,46.92,47.03,49.49,46.21,47.69,46.65,43
2026-09-10T15:09:53,46.67,48.71,50.07,47.65,48.51,48.06,44
2026-09-10T15:09:54,46.67,47.97,49.61,47.95,50.62,47.37,45
2026-09-10T15:09:54,49.44,47.26,49.86,49.75,51.02,48.22,46
2026-09-10T15:09:55,48.4,49.54,50.43,49.17,51.49,47.69,47
2026-09-10T15:09:55,47.95,48.25,51.26,47.54,52.26,50.05,48
2026-09-10T15:09:56,49.72,48.9,50.17,48.81,52.15,48.27,48
2026-09-10T15:09:56,49.63,49.67,52.67,48.53,52.28,47.88,49
2026-09-10T15:09:57,50.74,48.29,51.46,48.07,51.32,50.39,46
2026-09-10T15:09:57,48.99,50.21,52.85,49.76,52.41,51.16,49
2026-09-10T15:09:58,51.28,49.61,51.75,49.11,51.6,49.11,47
2026-09-10T15:09:58,49.23,48.89,54.31,50.59,52.45,50.43,52
2026-09-10T15:09:59,49.63,50.11,54.83,50.18,52.79,49.72,53
2026-09-10T15:09:59,50.83,50.86,53.25,49.56,53.07,51.09,50
2026-09-10T15:10:00,50.89,51.89,55.45,52.06,54.07,50.45,54
2026-09-10T15:10:00,50.11,52.0,54.06,52.41,55.07,51.49,53
2026-09-10T15:10:01,51.54,50.33,56.63,51.08,56.19,51.05,56
2026-09-10T15:10:01,52.24,50.77,56.67,52.52,56.41,51.8,56
2026-09-10T15:10:02,51.66,52.81,55.49,50.36,55.77,51.22,55
2026-09-10T15:10:02,51.33,51.26,57.28,51.37,56.88,52.84,57
2026-09-10T15:10:03,51.9,52.64,55.03,51.17,57.55,51.62,58
2026-09-10T15:10:03,51.57,51.61,56.07,52.79,57.91,51.58,59
2026-09-10T15:10:04,50.7,50.8,56.37,51.18,56.66,53.46,56
2026-09-10T15:10:04,52.08,51.05,57.89,53.72,56.68,50.89,59
2026-09-10T15:10:05,51.08,51.18,57.01,53.91,57.31,53.15,57
2026-09-10T15:10:05,52.79,52.72,57.12,52.44,57.46,53.15,58
2026-09-10T15:10:06,51.29,52.49,59.14,52.89,57.0,53.08,61
2026-09-10T15:10:06,53.5,52.57,59.44,52.41,58.34,52.33,61
2026-09-10T15:10:07,53.35,53.25,59.79,52.85,58.5,52.86,62
2026-09-10T15:10:07,51.48,52.67,58.98,54.12,60.29,54.28,63
2026-09-10T15:10:08,54.19,53.06,58.57,52.02,58.73,54.11,60
2026-09-10T15:10:08,52.59,53.1,58.01,53.55,58.84,52.23,60
2026-09-10T15:10:09,52.59,51.98,59.11,53.29,60.05,52.54,63
2026-09-10T15:10:09,53.67,53.01,60.5,53.06,60.88,54.36,64
2026-09-10T15:10:10,52.45,54.01,59.16,53.61,60.94,53.49,64
2026-09-10T15:10:10,54.56,53.05,60.32,53.04,61.11,54.06,65
2026-09-10T15:10:11,52.82,53.98,59.98,53.61,61.54,52.0,65
2026-09-10T15:10:11,53.65,53.8,60.27,53.28,60.26,53.5,63
2026-09-10T15:10:12,54.76,54.29,60.05,52.28,61.09,53.39,65
2026-09-10T15:10:12,52.09,52.07,61.77,54.16,60.77,54.17,66
2026-09-10T15:10:13,52.4,52.91,59.58,52.31,61.78,53.83,66
2026-09-10T15:10:13,53.61,54.41,62.03,52.39,62.0,54.41,66
2026-09-10T15:10:14,51.89,54.6,60.62,52.38,60.98,53.82,64
2026-09-10T15:10:14,53.2,54.46,61.25,54.5,59.73,53.92,65
2026-09-10T15:10:15,54.16,54.03,61.44,51.95,60.9,51.84,65
2026-09-10T15:10:15,54.12,52.77,62.28,53.63,62.11,54.13,67
2026-09-10T15:10:16,52.7,51.87,60.43,52.42,61.37,52.16,65
2026-09-10T15:10:16,53.85,52.41,59.74,51.79,60.71,51.78,64
2026-09-10T15:10:17,52.69,51.61,62.04,51.47,61.17,53.12,66
2026-09-10T15:10:17,52.97,51.65,61.4,54.19,62.18,53.67,67
2026-09-10T15:10:18,52.99,53.67,62.19,52.99,61.11,52.83,67
2026-09-10T15:10:18,52.35,53.32,60.9,53.24,61.25,52.66,65
2026-09-10T15:10:19,51.45,51.21,61.12,52.58,59.99,53.16,65
2026-09-10T15:10:19,52.61,50.98,60.04,52.67,60.07,52.86,63
2026-09-10T15:10:20,53.09,51.22,61.19,51.2,60.9,52.57,65
2026-09-10T15:10:20,52.65,52.23,60.94,50.6,59.76,52.14,64
2026-09-10T15:10:21,52.68,52.84,60.19,51.53,62.23,52.37,67
2026-09-10T15:10:21,51.57,50.88,59.17,52.55,61.52,52.49,65
2026-09-10T15:10:22,51.45,51.19,61.33,52.46,60.71,52.71,65
2026-09-10T15:10:22,50.26,50.07,59.21,52.31,60.81,50.26,64
2026-09-10T15:10:23,52.5,51.13,61.57,50.05,61.18,51.38,65
2026-09-10T15:10:23,50.57,51.65,60.37,51.36,61.34,51.42,65
2026-09-10T15:10:24,52.23,50.81,60.08,50.61,60.82,50.64,64
2026-09-10T15:10:24,52.05,51.94,60.07,51.13,61.12,49.95,65
2026-09-10T15:10:25,51.62,50.76,60.99,49.34,61.05,51.67,64
2026-09-10T15:10:25,49.62,49.35,58.23,50.69,61.03,51.01,64
2026-09-10T15:10:26,50.07,51.46,60.61,51.09,59.53,49.31,64
2026-09-10T15:10:26,50.37,50.81,60.51,48.54,59.82,49.04,63
2026-09-10T15:10:27,50.37,50.41,59.8,49.11,57.85,50.22,62
2026-09-10T15:10:28,48.18,48.65,59.28,48.33,59.91,48.44,62
2026-09-10T15:10:28,47.85,47.64,57.28,48.03,57.84,49.04,58
2026-09-10T15:10:29,48.98,50.26,57.12,49.39,59.87,48.86,62
2026-09-10T15:10:29,47.46,49.34,59.76,50.06,57.85,47.5,62
2026-09-10T15:10:30,47.25,48.57,58.17,48.53,57.13,47.93,59
2026-09-10T15:10:30,47.75,48.41,58.84,49.52,58.52,48.96,60
2026-09-10T15:10:31,46.99,48.61,58.57,46.92,58.66,46.67,60
2026-09-10T15:10:31,48.85,47.34,58.59,49.06,58.74,46.22,60
2026-09-10T15:10:32,46.73,47.24,57.46,47.93,57.72,47.02,58
2026-09-10T15:10:32,47.62,46.98,55.71,47.89,57.32,47.47,57
2026-09-10T15:10:33,46.19,46.22,58.17,45.74,55.6,45.38,59
2026-09-10T15:10:33,46.28,45.8,57.2,47.98,57.17,45.94,57
2026-09-10T15:10:34,45.64,47.76,55.83,46.11,56.9,46.88,57
2026-09-10T15:10:34,44.59,45.64,56.66,46.28,56.47,44.58,56
2026-09-10T15:10:35,44.65,46.28,55.94,46.33,54.89,45.75,55
2026-09-10T15:10:35,46.34,45.91,56.62,46.16,55.15,46.02,56
2026-09-10T15:10:36,45.11,46.31,55.84,43.81,56.49,44.58,56
2026-09-10T15:10:36,43.7,44.26,53.94,45.44,54.24,45.03,52
2026-09-10T15:10:37,43.35,43.17,55.68,45.45,56.12,43.75,55
2026-09-10T15:10:37,44.08,43.22,53.62,44.51,54.71,45.42,53
2026-09-10T15:10:38,45.1,43.39,54.0,44.49,55.29,45.04,54
2026-09-10T15:10:38,43.61,44.52,53.31,43.14,53.03,44.2,50
2026-09-10T15:10:39,44.64,44.05,54.59,44.69,52.83,43.44,52
2026-09-10T15:10:39,42.23,44.68,53.35,42.17,52.73,44.05,50
