t,r,y,u,e
0.0,0.0,0.0,0.0,0.0
0.01,0.0,0.0,0.0,0.0
0.02,0.0,0.0,0.0,0.0
0.03,0.0,0.0,0.0,0.0
0.04,0.0,0.0,0.0,0.0
0.05,0.0,0.0,0.0,0.0
0.06,0.0,0.0,0.0,0.0
0.07,0.0,0.0,0.0,0.0
0.08,0.0,0.0,0.0,0.0
0.09,0.0,0.0,0.0,0.0
0.1,0.0,0.0,0.0,0.0
0.11,0.0,0.0,0.0,0.0
0.12,0.0,0.0,0.0,0.0
0.13,0.0,0.0,0.0,0.0
0.14,0.0,0.0,0.0,0.0
0.15,0.0,0.0,0.0,0.0
0.16,0.0,0.0,0.0,0.0
0.17,0.0,0.0,0.0,0.0
0.18,0.0,0.0,0.0,0.0
0.19,0.0,0.0,0.0,0.0
0.2,0.0,0.0,0.0,0.0
0.21,0.0,0.0,0.0,0.0
0.22,0.0,0.0,0.0,0.0
0.23,0.0,0.0,0.0,0.0
0.24,0.0,0.0,0.0,0.0
0.25,0.0,0.0,0.0,0.0
0.26,0.0,0.0,0.0,0.0
0.27,0.0,0.0,0.0,0.0
0.28,0.0,0.0,0.0,0.0
0.29,0.0,0.0,0.0,0.0
0.3,0.0,0.0,0.0,0.0
0.31,0.0,0.0,0.0,0.0
0.32,0.0,0.0,0.0,0.0
0.33,0.0,0.0,0.0,0.0
0.34,0.0,0.0,0.0,0.0
0.35000000000000003,0.0,0.0,0.0,0.0
0.36,0.0,0.0,0.0,0.0
0.37,0.0,0.0,0.0,0.0
0.38,0.0,0.0,0.0,0.0
0.39,0.0,0.0,0.0,0.0
0.4,0.0,0.0,0.0,0.0
0.41000000000000003,0.0,0.0,0.0,0.0
0.42,0.0,0.0,0.0,0.0
0.43,0.0,0.0,0.0,0.0
0.44,0.0,0.0,0.0,0.0
0.45,0.0,0.0,0.0,0.0
0.46,0.0,0.0,0.0,0.0
0.47000000000000003,0.0,0.0,0.0,0.0
0.48,0.0,0.0,0.0,0.0
0.49,0.0,0.0,0.0,0.0
0.5,1.0,0.006,1.2,1.0
0.51,1.0,0.011973999999999999,1.2007999999999999,0.994
0.52,1.0,0.017922045999999997,1.2015832,0.988026
0.53,1.0,0.023844184533999998,1.2023497528,0.982077954
0.54,1.0,0.029740462662285996,1.2030998101911998,0.976155815466
0.55,1.0,0.03561092796377949,1.2038335229609847,0.970259537337714
0.56,1.0,0.04145562852845006,1.2045510408978943,0.9643890720362205
0.5700000000000001,1.0,0.04727461294979071,1.2052525127965794,0.9585443714715499
0.58,1.0,0.053067930317355475,1.205938086462743,0.9527253870502093
0.59,1.0,0.05883563020935903,1.2066079087180668,0.9469320696826445
0.6,1.0,0.06457776268533785,1.207262125405124,0.941164369790641
0.61,1.0,0.07029437827887254,1.2079008813922743,0.9354222373146621
0.62,1.0,0.07598552799037092,1.20852432057855,0.9297056217211275
0.63,1.0,0.08165126327991166,1.209132585898521,0.924014472009629
0.64,1.0,0.08729163606014785,1.209725819327149,0.9183487367200883
0.65,1.0,0.09290669868927025,1.2103041618846262,0.9127083639398521
0.66,1.0,0.09849650396402988,1.2108677536411983,0.9070933013107297
0.67,1.0,0.1040611051128196,1.2114167337219726,0.9015034960359701
0.68,1.0,0.10960055578881407,1.2119512403117128,0.8959388948871804
0.6900000000000001,1.0,0.11511491006316808,1.2124714106596168,0.8903994442111859
0.7000000000000001,1.0,0.12060422241827265,1.2129773810840816,0.8848850899368319
0.71,1.0,0.12606854774106854,1.2134692869774508,0.8793957775817274
0.72,1.0,0.13150794131641694,1.2139472628107495,0.8739314522589314
0.73,1.0,0.13692245882052687,1.2144114421384027,0.868492058683583
0.74,1.0,0.14231215631443894,1.2148619576029396,0.8630775411794731
0.75,1.0,0.14767709023756515,1.2152989409396808,0.8576878436855611
0.76,1.0,0.15301731740128438,1.215722522981414,0.8523229097624349
0.77,1.0,0.1583328949825932,1.2161328336630504,0.8469826825987157
0.78,1.0,0.16362388051781157,1.2165300020262695,0.8416671050174068
0.79,1.0,0.16889033189634325,1.2169141562241466,0.8363761194821884
0.8,1.0,0.17413230735449037,1.2172854235257662,0.8311096681036567
0.81,1.0,0.17934986546932202,1.2176439303208189,0.8258676926455096
0.8200000000000001,1.0,0.18454306515259633,1.217989802124185,0.820650134530678
0.8300000000000001,1.0,0.18971196564473586,1.2183231635805012,0.8154569348474037
0.84,1.0,0.19485662650885574,1.2186441384687128,0.8102880343552641
0.85,1.0,0.19997710762484452,1.218952849706611,0.8051433734911443
0.86,1.0,0.20507346918349706,1.2192494193553538,0.8000228923751554
0.87,1.0,0.21014577168069942,1.2195339686239721,0.794926530816503
0.88,1.0,0.21519407591166523,1.2198066178738614,0.7898542283193006
0.89,1.0,0.2202184429652232,1.2200674866232566,0.7848059240883347
0.9,1.0,0.22521893421815556,1.2203166935516938,0.7797815570347768
0.91,1.0,0.23019561132958705,1.2205543565044532,0.7747810657818445
0.92,1.0,0.23514853623542406,1.2207805924969901,0.7698043886704129
0.93,1.0,0.24007777114284368,1.220995517719349,0.7648514637645759
0.9400000000000001,1.0,0.24498337852483226,1.2211992475405622,0.7599222288571563
0.9500000000000001,1.0,0.24986542111477328,1.221391896513033,0.7550166214751677
0.96,1.0,0.25472396190108393,1.2215735783769053,0.7501345788852267
0.97,1.0,0.2595590641219006,1.2217444060644143,0.7452760380989161
0.98,1.0,0.2643707912598122,1.2219044917042257,0.7404409358780994
0.99,1.0,0.2691592070366419,1.2220539466257565,0.7356292087401878
1.0,1.0,0.27392437540827613,1.2221928813634824,0.730840792963358
1.01,1.0,0.2786663605595409,1.2223214056612282,0.7260756245917239
1.02,1.0,0.28338522689912543,1.222439628476444,0.721333639440459
1.03,1.0,0.2880810390545521,1.2225476579844663,0.7166147731008745
1.04,1.0,0.29275386186719315,1.2226456015827614,0.7119189609454479
1.05,1.0,0.29740376038733296,1.2227335658951555,0.7072461381328068
1.06,1.0,0.30203079986927656,1.2228116567760503,0.702596239612667
1.07,1.0,0.30663504576650324,1.2228799793146192,0.6979692001307234
1.08,1.0,0.3112165637268657,1.2229386378389933,0.6933649542334968
1.09,1.0,0.3157754195878335,1.2229877359204262,0.6887834362731343
1.1,1.0,0.32031167937178157,1.22302737637745,0.6842245804121665
1.11,1.0,0.3248254092813227,1.2230576612800097,0.6796883206282185
1.12,1.0,0.32931667569468404,1.2230786919535859,0.6751745907186772
1.1300000000000001,1.0,0.33378554516112713,1.2230905689833018,0.670683324305316
1.1400000000000001,1.0,0.33823208439641156,1.2230933922180125,0.6662144548388729
1.1500000000000001,1.0,0.34265636027830143,1.2230872607743823,0.6617679156035885
1.16,1.0,0.34705843984211465,1.2230722730409431,0.6573436397216985
1.17,1.0,0.3514383902763148,1.223048526682141,0.6529415601578854
1.18,1.0,0.355796278918145,1.2230161186423638,0.6485616097236853
1.19,1.0,0.3601321732493041,1.2229751451499569,0.644203721081855
1.2,1.0,0.36444614089166366,1.2229257017212207,0.6398678267506959
1.21,1.0,0.3687382496030273,1.2228678831643949,0.6355538591083363
1.22,1.0,0.3730085672729303,1.2228017835836251,0.6312617503969726
1.23,1.0,0.37725716191848024,1.2227274963829176,0.6269914327270697
1.24,1.0,0.3814841016802382,1.2226451142700743,0.6227428380815198
1.25,1.0,0.3856894548181401,1.222554729260617,0.6185158983197618
1.26,1.0,0.3898732897074579,1.2224564326816925,0.6143105451818599
1.27,1.0,0.3940356748348004,1.2223503151759658,0.6101267102925421
1.28,1.0,0.39817667879415386,1.2222364667054955,0.6059643251651996
1.29,1.0,0.40229637028296106,1.2221149765555928,0.6018233212058461
1.3,1.0,0.40639481809823963,1.221985933338671,0.5977036297170389
1.31,1.0,0.4104720911327388,1.221849424998073,0.5936051819017604
1.32,1.0,0.41452825837113455,1.221705538811888,0.5895279088672611
1.33,1.0,0.41856338888626266,1.2215543613967512,0.5854717416288655
1.34,1.0,0.4225775518353895,1.2213959787116284,0.5814366111137373
1.35,1.0,0.42657081645652045,1.221230476061586,0.5774224481646105
1.36,1.0,0.4305432520647456,1.2210579381015458,0.5734291835434795
1.37,1.0,0.434494928048622,1.2208784488400233,0.5694567479352544
1.3800000000000001,1.0,0.43842591386659313,1.2206920916428539,0.565505071951378
1.3900000000000001,1.0,0.44233627904344464,1.2204989492368994,0.5615740861334069
1.4000000000000001,1.0,0.4462260931667961,1.220299103713745,0.5576637209565554
1.41,1.0,0.450095425883629,1.2200926365333755,0.5537739068332039
1.42,1.0,0.45394434689685004,1.219879628527842,0.5499045741163711
1.43,1.0,0.45777292596189034,1.2196601599049073,0.54605565310315
1.44,1.0,0.4615812328833393,1.2194343102516843,0.5422270740381097
1.45,1.0,0.46536933751161386,1.2192021585382504,0.5384187671166607
1.46,1.0,0.46913730973966206,1.218963783121254,0.5346306624883861
1.47,1.0,0.47288521949970125,1.2187192617475036,0.5308626902603379
1.48,1.0,0.47661313675999045,1.218468671557539,0.5271147805002987
1.49,1.0,0.48032113152163647,1.2182120890891945,0.5233868632400096
1.5,1.0,0.48400927381543396,1.2179495902811395,0.5196788684783635
1.51,1.0,0.48767763369873884,1.2176812504764092,0.515990726184566
1.52,1.0,0.49132628125237476,1.21740714442592,0.5123223663012612
1.53,1.0,0.4949552865775727,1.2171273462919672,0.5086737187476252
1.54,1.0,0.4985647197929434,1.2168419296517106,0.5050447134224273
1.55,1.0,0.5021546510314819,1.2165509675006452,0.5014352802070565
1.56,1.0,0.5057251504376048,1.2162545322560554,0.49784534896851806
1.57,1.0,0.5092762881642191,1.215952695760456,0.4942748495623952
1.58,1.0,0.5128081343698231,1.2156455292850181,0.4907237118357809
1.59,1.0,0.5163207592156389,1.2153331035329795,0.4871918656301769
1.6,1.0,0.519814232862776,1.215015488643042,0.4836792407843611
1.61,1.0,0.5232886254694258,1.2146927541927526,0.48018576713722405
1.62,1.0,0.526744007188088,1.2143649692018705,0.4767113745305742
1.6300000000000001,1.0,0.5301804481628262,1.2140322021357204,0.473255992811912
1.6400000000000001,1.0,0.5335980185265546,1.21369452090853,0.46981955183717383
1.6500000000000001,1.0,0.5369967883983556,1.213351992886753,0.46640198147344536
1.6600000000000001,1.0,0.5403768278808257,1.2130046848923794,0.46300321160164437
1.67,1.0,0.5437382070574528,1.2126526632062284,0.45962317211917425
1.68,1.0,0.5470809959900217,1.2122959935712294,0.4562617929425472
1.69,1.0,0.55040526471605,1.2119347411956871,0.4529190040099783
1.7,1.0,0.5537110832462524,1.211568970756533,0.44959473528395
1.71,1.0,0.556998521562034,1.2111987464025618,0.4462889167537476
1.72,1.0,0.5602676496130121,1.2108241317576538,0.443001478437966
1.73,1.0,0.563518537314567,1.2104451899239836,0.4397323503869879
1.74,1.0,0.5667512545454203,1.2100619834852138,0.436481462685433
1.75,1.0,0.5699658711452416,1.2096745745096733,0.4332487454545797
1.76,1.0,0.573162456912283,1.2092830245535244,0.43003412885475845
1.77,1.0,0.5763410816010411,1.208887394663913,0.42683754308771704
1.78,1.0,0.5795018149199465,1.2084877453821048,0.42365891839895886
1.79,1.0,0.5826447265290797,1.20808413674661,0.42049818508005354
1.8,1.0,0.5857698860379158,1.2076766282962905,0.4173552734709203
1.81,1.0,0.5888773630030935,1.2072652790734546,0.4142301139620842
1.82,1.0,0.5919672269262127,1.206850147626938,0.41112263699690654
1.83,1.0,0.5950395472516575,1.20643129201517,0.40803277307378727
1.84,1.0,0.5980943933644454,1.2060087698092268,0.40496045274834247
1.85,1.0,0.6011318345881025,1.205582638095868,0.40190560663555464
1.86,1.0,0.6041519401825648,1.205152953480564,0.3988681654118975
1.87,1.0,0.6071547793421045,1.2047197720905045,0.3958480598174352
1.8800000000000001,1.0,0.6101404211932819,1.2042831495775963,0.3928452206578955
1.8900000000000001,1.0,0.6131089347929227,1.2038431411214465,0.38985957880671807
1.9000000000000001,1.0,0.6160603891261197,1.2033998014323313,0.3868910652070773
1.9100000000000001,1.0,0.6189948531042598,1.2029531847541515,0.3839396108738803
1.92,1.0,0.6219123955630754,1.2025033448673745,0.38100514689574017
1.93,1.0,0.6248130852607199,1.2020503350919616,0.3780876044369246
1.94,1.0,0.6276969908758677,1.2015942082902837,0.3751869147392801
1.95,1.0,0.6305641810058384,1.2011350168700206,0.3723030091241323
1.96,1.0,0.6334147241647445,1.2006728127870487,0.36943581899416156
1.97,1.0,0.6362486887816624,1.2002076475483148,0.36658527583525546
1.98,1.0,0.6390661431988276,1.1997395722146955,0.3637513112183376
1.99,1.0,0.6418671556698526,1.199268637403844,0.3609338568011724
2.0,1.0,0.6446517943579685,1.1987948932930232,0.35813284433014736
2.0100000000000002,1.0,0.6474201273342882,1.1983183896219254,0.3553482056420315
2.02,1.0,0.6501722225760942,1.197839175695478,0.3525798726657118
2.0300000000000002,1.0,0.652908147965147,1.1973573003866365,0.3498277774239058
2.04,1.0,0.655627971286017,1.1968728121391643,0.34709185203485304
2.05,1.0,0.658331760224439,1.1963857589703992,0.344372028713983
2.06,1.0,0.6610195823656868,1.1958961884740047,0.34166823977556104
2.07,1.0,0.6636915051929719,1.1954041478227118,0.3389804176343132
2.08,1.0,0.6663475960858622,1.1949096837710442,0.33630849480702807
2.09,1.0,0.6689879223187231,1.194412842658032,0.33365240391413775
2.1,1.0,0.671612551059179,1.1939136704099123,0.33101207768127694
2.11,1.0,0.6742215493665973,1.1934122125428153,0.32838744894082095
2.12,1.0,0.6768149841905915,1.1929085141654399,0.3257784506334027
2.13,1.0,0.6793929223695471,1.192402619981714,0.3231850158094085
2.14,1.0,0.6819554306291665,1.1918945742934426,0.32060707763045293
2.15,1.0,0.6845025755810354,1.191384421002943,0.3180445693708335
2.16,1.0,0.6870344237212086,1.190872203615667,0.31549742441896456
2.17,1.0,0.6895510414288166,1.190357965242811,0.3129655762787914
2.18,1.0,0.6920524949646921,1.1898417486039117,0.3104489585711834
2.19,1.0,0.6945388504700158,1.1893235960294304,0.3079475050353079
2.2,1.0,0.6970101739649824,1.1888035494633244,0.30546114952998416
2.21,1.0,0.6994665313474856,1.1882816504656044,0.30298982603501756
2.22,1.0,0.7019079883918226,1.1877579402148808,0.3005334686525144
2.23,1.0,0.7043346107474179,1.1872324595108965,0.29809201160817744
2.24,1.0,0.706746463937566,1.1867052487770475,0.2956653892525821
2.25,1.0,0.7091436133581926,1.1861763480628904,0.293253536062434
2.2600000000000002,1.0,0.7115261242766349,1.185645797046638,0.29085638664180735
2.27,1.0,0.7138940618304399,1.1851136350376419,0.28847387572336514
2.2800000000000002,1.0,0.716247491026182,1.1845799009788627,0.2861059381695601
2.29,1.0,0.7185864767382978,1.1840446334493286,0.283752508973818
2.3000000000000003,1.0,0.7209110837079392,1.1835078706665803,0.2814135232617022
2.31,1.0,0.723221376541845,1.1829696504891043,0.2790889162920608
2.32,1.0,0.7255174197112296,1.1824300104187537,0.27677862345815496
2.33,1.0,0.7277992775506893,1.1818889876031575,0.2744825802887704
2.34,1.0,0.7300670142571264,1.1813466188381159,0.2722007224493107
2.35,1.0,0.7323206938886907,1.180802940569986,0.2699329857428736
2.36,1.0,0.7345603803637375,1.1802579888980518,0.2676793061113093
2.37,1.0,0.7367861374598033,1.1797117995768862,0.2654396196362625
2.38,1.0,0.7389980288125977,1.1791644080186974,0.26321386254019674
2.39,1.0,0.741196117915013,1.1786158492956655,0.2610019711874023
2.4,1.0,0.7433804681161493,1.1780661581422662,0.25880388208498695
2.41,1.0,0.7455511426203565,1.1775153689575828,0.25661953188385067
2.42,1.0,0.7477082044862927,1.176963515807605,0.2544488573796435
2.43,1.0,0.7498517166259988,1.1764106324275185,0.2522917955137073
2.44,1.0,0.7519817418039887,1.1758567522239811,0.2501482833740012
2.45,1.0,0.7540983426363557,1.1753019082773852,0.2480182581960113
2.46,1.0,0.7562015815898945,1.174746133344113,0.24590165736364433
2.47,1.0,0.7582915209812389,1.1741894598587754,0.24379841841010552
2.48,1.0,0.7603682229760149,1.173631919936443,0.24170847901876114
2.49,1.0,0.7624317495880092,1.1730735453748617,0.23963177702398508
2.5,1.0,0.7644821626783525,1.1725143676566607,0.2375682504119908
2.5100000000000002,1.0,0.7665195239547185,1.1719544179515446,0.23551783732164755
2.52,1.0,0.7685438949705372,1.1713937271184787,0.23348047604528155
2.5300000000000002,1.0,0.7705553371242239,1.1708323257078583,0.2314561050294628
2.54,1.0,0.7725539116584211,1.17027024396367,0.22944466287577614
2.5500000000000003,1.0,0.7745396796592572,1.1697075118256395,0.22744608834157887
2.56,1.0,0.7765127020556177,1.169144158931369,0.22546032034074281
2.57,1.0,0.778473039618432,1.168580214618462,0.22348729794438227
2.58,1.0,0.780420752959973,1.1680157079266402,0.22152696038156805
2.59,1.0,0.7823559025331724,1.1674506675998433,0.21957924704002696
2.6,1.0,0.7842785486309481,1.1668851220883243,0.21764409746682756
2.61,1.0,0.786188751385547,1.166319099550728,0.21572145136905185
2.62,1.0,0.7880865707679001,1.1657526278561618,0.213811248614453
2.63,1.0,0.7899720665869919,1.1651857345862537,0.21191342923209988
2.64,1.0,0.791845298489243,1.1646184470372005,0.21002793341300807
2.65,1.0,0.7937063259579058,1.164050792221803,0.208154701510757
2.66,1.0,0.7955552083124737,1.1634827968714938,0.2062936740420942
2.67,1.0,0.7973920047081031,1.162914487438349,0.20444479168752627
2.68,1.0,0.7992167741350481,1.162345890097094,0.20260799529189688
2.69,1.0,0.8010295754181084,1.1617770307470954,0.2007832258649519
2.7,1.0,0.8028304672160895,1.1612079350143425,0.19897042458189163
2.71,1.0,0.8046195080212761,1.1606386282534202,0.19716953278391047
2.72,1.0,0.806396756158917,1.1600691355494677,0.19538049197872387
2.73,1.0,0.8081622697867231,1.1594994817201285,0.19360324384108296
2.74,1.0,0.809916106894377,1.1589296913174898,0.19183773021327688
2.75,1.0,0.8116583253030552,1.1583597886300114,0.19008389310562301
2.7600000000000002,1.0,0.8133889826649621,1.1577897976844427,0.18834167469694485
2.77,1.0,0.8151081364628759,1.15721974224773,0.18661101733503793
2.7800000000000002,1.0,0.8168158440097061,1.1566496458289135,0.18489186353712406
2.79,1.0,0.8185121624480626,1.1560795316810144,0.18318415599029392
2.8000000000000003,1.0,0.8201971487498368,1.155509422802909,0.18148783755193743
2.81,1.0,0.8218708597157937,1.1549393419411953,0.17980285125016315
2.82,1.0,0.823533351975175,1.1543693115920484,0.17812914028420634
2.83,1.0,0.8251846819853144,1.1537993540030644,0.17646664802482503
2.84,1.0,0.8268249060312632,1.1532294911750958,0.17481531801468564
2.85,1.0,0.8284540802254273,1.1526597448640745,0.17317509396873676
2.86,1.0,0.8300722605072143,1.1520901365828276,0.17154591977457267
2.87,1.0,0.8316795026426926,1.1515206876028798,0.16992773949278572
2.88,1.0,0.8332758622242604,1.150951418956248,0.16832049735730736
2.89,1.0,0.8348613946703253,1.1503823514372251,0.16672413777573958
2.9,1.0,0.8364361552249944,1.1498135056041532,0.16513860532967473
2.91,1.0,0.8380001989577753,1.1492449017811877,0.16356384477500563
2.92,1.0,0.8395535807632867,1.1486765600600506,0.16199980104222467
2.93,1.0,0.8410963553609792,1.1481085003017748,0.16044641923671332
2.94,1.0,0.8426285772948664,1.1475407421384376,0.15890364463902085
2.95,1.0,0.8441503009332665,1.146973304974885,0.1573714227051336
2.96,1.0,0.8456615804685523,1.146406207990446,0.15584969906673352
2.97,1.0,0.8471624699169128,1.145839470140637,0.15433841953144767
2.98,1.0,0.8486530231181225,1.1452731101588558,0.1528375300830872
2.99,1.0,0.8501332937353222,1.144707146558069,0.15134697688187748
3.0,1.0,0.851603335254808,1.1441415976324842,0.1498667062646778
3.0100000000000002,1.0,0.8530632009858301,1.1435764814592189,0.14839666474519198
3.02,1.0,0.8545129440604007,1.1430118158999538,0.1469367990141699
3.0300000000000002,1.0,0.8559526174331116,1.1424476186025827,0.14548705593959932
3.04,1.0,0.8573822738809602,1.1418839070028464,0.14404738256688843
3.0500000000000003,1.0,0.8588019660031853,1.1413206983259632,0.14261772611903978
3.06,1.0,0.8602117462211105,1.1407580095882452,0.14119803399681474
3.0700000000000003,1.0,0.8616116667779985,1.1401958575987095,0.13978825377888948
3.08,1.0,0.8630017797389119,1.1396342589606752,0.1383883332220015
3.09,1.0,0.8643821369905841,1.1390732300733548,0.1369982202610881
3.1,1.0,0.8657527902412984,1.138512787133437,0.13561786300941592
3.11,1.0,0.8671137910207751,1.137952946136655,0.13424720975870164
3.12,1.0,0.868465190680068,1.1373937228793527,0.13288620897922487
3.13,1.0,0.8698070403914678,1.136835132960035,0.131534809319932
3.14,1.0,0.8711393911484151,1.1362771917809147,0.13019295960853217
3.15,1.0,0.8724622937654203,1.1357199145494463,0.1288606088515849
3.16,1.0,0.8737757988779924,1.1351633162798527,0.12753770623457972
3.17,1.0,0.8750799569425757,1.1346074117946428,0.1262242011220076
3.18,1.0,0.8763748182364934,1.1340522157261188,0.12492004305742432
3.19,1.0,0.8776604328579004,1.133497742517877,0.12362518176350656
3.2,1.0,0.8789368507257423,1.1329440064262966,0.12233956714209959
3.21,1.0,0.8802041215797237,1.1323910215220232,0.12106314927425765
3.22,1.0,0.8814622949802823,1.1318388016914396,0.11979587842027628
3.23,1.0,0.8827114203085715,1.1312873606381315,0.11853770501971772
3.24,1.0,0.8839515467664504,1.130736711884342,0.11728857969142847
3.25,1.0,0.8851827233764802,1.1301868687724188,0.11604845323354962
3.2600000000000002,1.0,0.886404998981929,1.1296378444662516,0.11481727662351982
3.27,1.0,0.8876184222467829,1.1290896519527012,0.11359500101807096
3.2800000000000002,1.0,0.8888230416557641,1.128542304043021,0.11238157775321711
3.29,1.0,0.8900189055143566,1.1279958133742694,0.11117695834423591
3.3000000000000003,1.0,0.8912060619488383,1.1274501924107123,0.10998109448564342
3.31,1.0,0.8923845589063203,1.1269054534452192,0.10879393805116166
3.3200000000000003,1.0,0.8935544441547919,1.12636160860065,0.10761544109367971
3.33,1.0,0.8947157652831741,1.1258186698312336,0.1064455558452081
3.34,1.0,0.895868569701378,1.1252766489239368,0.10528423471682591
3.35,1.0,0.8970129046403702,1.1247355574998268,0.10413143029862204
3.36,1.0,0.8981488171522455,1.124195407015425,0.1029870953596298
3.37,1.0,0.8992763541103045,1.1236562087640518,0.10185118284775452
3.38,1.0,0.9003955622091387,1.123117973877163,0.10072364588969551
3.39,1.0,0.9015064879647214,1.1225807133256795,0.09960443779086126
3.4,1.0,0.9026091777145043,1.122044437921307,0.09849351203527856
3.41,1.0,0.903703677617521,1.1215091583178498,0.09739082228549567
3.42,1.0,0.904790033654496,1.1209748850125139,0.09629632238247898
3.43,1.0,0.9058682916279595,1.1204416283472036,0.09520996634550405
3.44,1.0,0.9069384971623687,1.1199093985098116,0.09413170837204055
3.45,1.0,0.9080006957042344,1.1193782055354968,0.09306150283763126
3.46,1.0,0.909054932522253,1.1188480593079593,0.09199930429576564
3.47,1.0,0.9101012527074452,1.118318969560703,0.090945067477747
3.48,1.0,0.9111397011732995,1.1177909458782944,0.08989874729255476
3.49,1.0,0.912170322655921,1.1172639976976098,0.08886029882670055
3.5,1.0,0.9131931617141869,1.1167381343090776,0.08782967734407898
3.5100000000000002,1.0,0.9142082627299055,1.1162133648579113,0.08680683828581315
3.52,1.0,0.9152156699079826,1.1156896983453355,0.08579173727009448
3.5300000000000002,1.0,0.9162154272765918,1.1151671436298038,0.08478433009201736
3.54,1.0,0.9172075786873498,1.114645709428209,0.08378457272340822
3.5500000000000003,1.0,0.9181921678154985,1.1141254043170865,0.08279242131265019
3.56,1.0,0.9191692381600901,1.1136062367338093,0.0818078321845015
3.5700000000000003,1.0,0.9201388330441785,1.1130882149777754,0.08083076183990989
3.58,1.0,0.9211009956150156,1.1125713472115886,0.07986116695582146
3.59,1.0,0.9220557688442517,1.1120556414622307,0.07889900438498443
3.6,1.0,0.9230031955281416,1.1115411056222273,0.07794423115574833
3.61,1.0,0.9239433182877549,1.1110277474508055,0.07699680447185842
3.62,1.0,0.9248761795691913,1.1105155745750441,0.07605668171224511
3.63,1.0,0.9258018216438004,1.1100045944910184,0.07512382043080867
3.64,1.0,0.9267202866084061,1.109494814564934,0.07419817835619957
3.65,1.0,0.9276316163855354,1.1089862420342567,0.07327971339159389
3.66,1.0,0.9285358527236519,1.1084788840088344,0.07236838361446463
3.67,1.0,0.9294330371973937,1.1079727474720102,0.07146414727634809
3.68,1.0,0.9303232112078154,1.107467839281731,0.07056696280260633
3.69,1.0,0.9312064159826345,1.1069641661716458,0.06967678879218464
3.7,1.0,0.9320826925764824,1.1064617347522003,0.06879358401736546
3.71,1.0,0.9329520818711585,1.105960551511722,0.06791730742351765
3.72,1.0,0.9338146245758903,1.1054606228174986,0.06704791812884148
3.73,1.0,0.9346703612275951,1.104961954916851,0.06618537542410974
3.74,1.0,0.935519332191148,1.104464553938198,0.06532963877240494
3.75,1.0,0.9363615776596529,1.1039684258921139,0.06448066780885198
3.7600000000000002,1.0,0.9371971376547166,1.1034735766723787,0.06363842234034711
3.77,1.0,0.9380260520267281,1.102980012057025,0.06280286234528343
3.7800000000000002,1.0,0.9388483604551413,1.1024877377093734,0.06197394797327194
3.79,1.0,0.939664102448761,1.1019967591790638,0.061151639544858694
3.8000000000000003,1.0,0.9404733173460326,1.101507081903079,0.060335897551239026
3.81,1.0,0.9412760443153362,1.101018711206763,0.05952668265396743
3.8200000000000003,1.0,0.9420723223552836,1.1005316523048305,0.05872395568466382
3.83,1.0,0.942862190295019,1.100045910302371,0.0579276776447164
3.84,1.0,0.9436456867945232,1.099561490195846,0.057137809704980946
3.85,1.0,0.944422850344921,1.099078396874081,0.05635431320547679
3.86,1.0,0.9451937192687927,1.0985966351192473,0.05557714965507898
3.87,1.0,0.9459583317204879,1.0981162096078418,0.0548062807312073
3.88,1.0,0.9467167256864438,1.0976371249116572,0.05404166827951207
3.89,1.0,0.9474689389855053,1.0971593854987463,0.05328327431355617
3.9,1.0,0.9482150092692497,1.0966829957343809,0.05253106101449467
3.91,1.0,0.9489549740223135,1.0962079598820036,0.05178499073075027
3.92,1.0,0.9496888705627229,1.095734282104173,0.05104502597768645
3.93,1.0,0.9504167360422268,1.0952619664635033,0.05031112943727711
3.94,1.0,0.9511386074466336,1.0947910169235968,0.04958326395777324
3.95,1.0,0.9518545215961502,1.0943214373499706,0.04886139255336641
3.96,1.0,0.9525645151457244,1.0938532315109775,0.04814547840384975
3.97,1.0,0.9532686245853893,1.0933864030787193,0.04743548485427562
3.98,1.0,0.9539668862406121,1.0929209556299557,0.0467313754146107
3.99,1.0,0.9546593362726441,1.0924568926470053,0.0460331137593879
4.0,1.0,0.955346010678874,1.091994217518642,0.0453406637273559
4.01,1.0,0.9560269452931845,1.091532933540985,0.044653989321125964
4.0200000000000005,1.0,0.9567021757863106,1.0910730439183813,0.04397305470681545
4.03,1.0,0.9573717376662004,1.0906145517642847,0.04329782421368944
4.04,1.0,0.9580356662783801,1.0901574601021264,0.04262826233379957
4.05,1.0,0.9586939968063191,1.0897017718661812,0.041964333721619895
4.0600000000000005,1.0,0.9593467642717997,1.0892474899024274,0.04130600319368094
4.07,1.0,0.9599940035352876,1.0887946169694003,0.04065323572820034
4.08,1.0,0.9606357492963064,1.0883431557390402,0.04000599646471237
4.09,1.0,0.9612720360938125,1.0878931087975354,0.03936425070369365
4.1,1.0,0.9619028983065743,1.0874444786461577,0.03872796390618749
4.11,1.0,0.9625283701535519,1.0869972677020932,0.03809710169342573
4.12,1.0,0.9631484856942805,1.0865514782992673,0.03747162984644814
4.13,1.0,0.9637632788292548,1.0861071126891644,0.036851514305719535
4.14,1.0,0.9643727833003167,1.085664173041641,0.03623672117074517
4.15,1.0,0.9649770326910438,1.0852226614457328,0.03562721669968327
4.16,1.0,0.965576060427141,1.0847825799104578,0.035022967308956154
4.17,1.0,0.9661698997768333,1.0843439303656128,0.03442393957285905
4.18,1.0,0.966758583851262,1.083906714662565,0.03383010022316668
4.19,1.0,0.9673421456048809,1.083470934575036,0.03324141614873799
4.2,1.0,0.9679206178358558,1.0830365917998832,0.032657854395119146
4.21,1.0,0.9684940331864659,1.0826036879578744,0.03207938216414419
4.22,1.0,0.9690624241435059,1.0821722245944554,0.031505966813534125
4.23,1.0,0.9696258230386909,1.0817422031805157,0.03093757585649415
4.24,1.0,0.9701842620490632,1.0813136251131454,0.030374176961309063
4.25,1.0,0.9707377731973998,1.0808864917163894,0.029815737950936838
4.26,1.0,0.9712863883526228,1.0804608042419928,0.029262226802600155
4.2700000000000005,1.0,0.9718301392302104,1.0800365638701461,0.02871361164737718
4.28,1.0,0.9723690573926105,1.07961377171022,0.028169860769789556
4.29,1.0,0.9729031742496549,1.0791924288014982,0.02763094260738952
4.3,1.0,0.9734325210589762,1.078772536113904,0.02709682575034511
4.3100000000000005,1.0,0.9739571289264248,1.078354094548721,0.026567478941023848
4.32,1.0,0.9744770288064892,1.077937104939311,0.02604287107357517
4.33,1.0,0.9749922515027158,1.0775215680518224,0.02552297119351077
4.34,1.0,0.9755028276681318,1.0771074845858986,0.025007748497284155
4.3500000000000005,1.0,0.976008787805668,1.0766948551753777,0.02449717233186821
4.36,1.0,0.9765101622685847,1.076283680388989,0.02399121219433198
4.37,1.0,0.9770069812608969,1.0758739607310437,0.02348983773141533
4.38,1.0,0.9774992748378031,1.0754656966421203,0.022993018739103088
4.39,1.0,0.9779870729061128,1.0750588884997456,0.022500725162196922
4.4,1.0,0.9784704052246775,1.0746535366190715,0.022012927093887247
4.41,1.0,0.9789493014048218,1.074249641253545,0.021529594775322458
4.42,1.0,0.9794237909107756,1.0738472025955745,0.021050698595178163
4.43,1.0,0.9798939030601077,1.0734462207771913,0.020576209089224418
4.44,1.0,0.9803596670241607,1.0730466958707066,0.020106096939892293
4.45,1.0,0.9808211118284866,1.072648627889362,0.019640332975839336
4.46,1.0,0.9812782663532841,1.0722520167879777,0.019178888171513364
4.47,1.0,0.9817311593338356,1.0718568624635927,0.01872173364671592
4.48,1.0,0.9821798193609469,1.0714631647561048,0.01826884066616441
4.49,1.0,0.9826242748813867,1.0710709234489004,0.017820180639053107
4.5,1.0,0.9830645541983272,1.0706801382694853,0.017375725118613294
4.51,1.0,0.983500685471786,1.0702908088901055,0.016935445801672833
4.5200000000000005,1.0,0.9839326967190689,1.0699029349283684,0.01649931452821396
4.53,1.0,0.9843606158152128,1.0695165159478546,0.01606730328093109
4.54,1.0,0.9847844704934304,1.0691315514587294,0.015639384184787164
4.55,1.0,0.985204288345555,1.0687480409183465,0.01521552950656957
4.5600000000000005,1.0,0.9856200968224864,1.0683659837318495,0.014795711654445043
4.57,1.0,0.9860319232346378,1.0679853792527674,0.014379903177513587
4.58,1.0,0.9864397947523826,1.0676062267836057,0.013968076765362158
4.59,1.0,0.9868437384065029,1.0672285255764349,0.013560205247617363
4.6000000000000005,1.0,0.9872437810886378,1.0668522748334717,0.013156261593497143
4.61,1.0,0.9876399495517328,1.0664774737076577,0.01275621891136225
4.62,1.0,0.9880322704104904,1.0661041213032345,0.012360050448267157
4.63,1.0,0.9884207701418195,1.0657322166763117,0.011967729589509646
4.64,1.0,0.9888054750852876,1.0653617588354327,0.011579229858180495
4.65,1.0,0.9891864114435719,1.0649927467421363,0.0111945249147124
4.66,1.0,0.9895636052829115,1.064625179311513,0.010813588556428111
4.67,1.0,0.9899370825335607,1.0642590554127567,0.01043639471708846
4.68,1.0,0.9903068689902415,1.0638943738697144,0.01006291746643928
4.69,1.0,0.9906729903125974,1.063531133461429,0.009693131009758549
4.7,1.0,0.9910354720256478,1.0631693329226801,0.009327009687402632
4.71,1.0,0.9913943395202421,1.0628089709445188,0.00896452797435221
4.72,1.0,0.9917496180535149,1.0624500461748003,0.00860566047975786
4.73,1.0,0.9921013327493409,1.062092557218711,0.008250381946485086
4.74,1.0,0.9924495085987907,1.0617365026392918,0.00789866725065913
4.75,1.0,0.9927941704605865,1.0613818809579574,0.007550491401209336
4.76,1.0,0.9931353430615586,1.0610286906550122,0.007205829539413511
4.7700000000000005,1.0,0.9934730509971016,1.0606769301701608,0.006864656938441405
4.78,1.0,0.9938073187316312,1.0603265979030168,0.006526949002898408
4.79,1.0,0.9941381705990411,1.0599776922136046,0.006192681268368805
4.8,1.0,0.9944656308031602,1.0596302114228597,0.005861829400958918
4.8100000000000005,1.0,0.99478972341821,1.0592841538131244,0.005534369196839806
4.82,1.0,0.9951104723892622,1.0589395176286394,0.005210276581789963
4.83,1.0,0.995427901532696,1.058596301076031,0.004889527610737798
4.84,1.0,0.9957420345366566,1.0582545023247965,0.004572098467303998
4.8500000000000005,1.0,0.9960528949615122,1.0579141195077821,0.004257965463343449
4.86,1.0,0.9963605062403129,1.0575751507216622,0.00394710503848783
4.87,1.0,0.9966648916792484,1.0572375940274092,0.0036394937596870847
4.88,1.0,0.996966074458106,1.056901447450764,0.0033351083207515675
4.89,1.0,0.997264077630729,1.056566708982701,0.003033925541893967
4.9,1.0,0.9975589241254748,1.0562333765798888,0.0027359223692710044
4.91,1.0,0.9978506367456731,1.055901448165148,0.0024410758745252448
4.92,1.0,0.9981392381700842,1.0555709216279063,0.002149363254326908
4.93,1.0,0.998424750953357,1.0552417948246475,0.0018607618299157913
4.94,1.0,0.9987071975264871,1.0549140655793594,0.001575249046642968
4.95,1.0,0.9989866001972745,1.0545877316839767,0.0012928024735129329
4.96,1.0,0.9992629811507822,1.0542627908988198,0.001013399802725523
4.97,1.0,0.9995363624497934,1.0539392409530324,0.0007370188492178409
4.98,1.0,0.9998067660352695,1.0536170795450128,0.00046363755020661923
4.99,1.0,1.0000742137268075,1.0532963043428432,0.00019323396473047705
5.0,1.0,1.000338727223097,1.0529769129847153,-7.421372680749272e-05
5.01,1.0,1.0006003281023783,1.0526589030793534,-0.00033872722309702397
5.0200000000000005,1.0,1.0008590378228985,1.052342272206431,-0.0006003281023783114
5.03,1.0,1.001114877723369,1.0520270179169877,-0.000859037822898534
5.04,1.0,1.0013678690234213,1.05171313773384,-0.0011148777233689344
5.05,1.0,1.0016180328240643,1.0514006291519904,-0.001367869023421342
5.0600000000000005,1.0,1.0018653901081391,1.0510894896390315,-0.0016180328240642528
5.07,1.0,1.0021099617407763,1.0507797166355493,-0.001865390108139131
5.08,1.0,1.00235176846985,1.0504713075555197,-0.002109961740776267
5.09,1.0,1.0025908309264342,1.050164259786705,-0.0023517684698499686
5.1000000000000005,1.0,1.0028271696252573,1.049858570691045,-0.0025908309264341955
5.11,1.0,1.0030608049651561,1.049554237605046,-0.0028271696252573086
5.12,1.0,1.0032917572295312,1.0492512578401652,-0.0030608049651561497
5.13,1.0,1.0035200465867995,1.0489496286831939,-0.0032917572295312336
5.14,1.0,1.0037456930908486,1.0486493473966358,-0.0035200465867994968
5.15,1.0,1.0039687166814897,1.0483504112190825,-0.003745693090848601
5.16,1.0,1.00418913718491,1.0480528173655863,-0.003968716681489681
5.17,1.0,1.0044069743141257,1.0477565630280299,-0.004189137184910097
5.18,1.0,1.0046222476694326,1.0474616453754917,-0.004406974314125733
5.19,1.0,1.0048349767388585,1.0471680615546106,-0.004622247669432644
5.2,1.0,1.0050451808986138,1.0468758086899441,-0.004834976738858465
5.21,1.0,1.0052528794135425,1.0465848838843268,-0.0050451808986138325
5.22,1.0,1.0054580914375708,1.0462952842192237,-0.005252879413542466
5.23,1.0,1.0056608360141583,1.046007006755081,-0.005458091437570811
5.24,1.0,1.0058611320767459,1.0457200485316756,-0.005660836014158344
5.25,1.0,1.0060589984492045,1.0454344065684573,-0.0058611320767458785
5.26,1.0,1.006254453846283,1.045150077864893,-0.0060589984492045446
5.2700000000000005,1.0,1.0064475168740556,1.0448670594008052,-0.006254453846282981
5.28,1.0,1.006638206030369,1.0445853481367078,-0.006447516874055648
5.29,1.0,1.0068265397052878,1.0443049410141392,-0.0066382060303689094
5.3,1.0,1.0070125361815414,1.0440258349559937,-0.006826539705287793
5.3100000000000005,1.0,1.007196213634968,1.043748026866847,-0.007012536181541407
5.32,1.0,1.0073775901349595,1.0434715136332828,-0.0071962136349679184
5.33,1.0,1.0075566836449057,1.0431962921242133,-0.007377590134959533
5.34,1.0,1.0077335120226372,1.042922359191198,-0.007556683644905693
5.3500000000000005,1.0,1.0079080930208677,1.042649711668761,-0.007733512022637168
5.36,1.0,1.008080444287637,1.0423783463747034,-0.007908093020867701
5.37,1.0,1.0082505833667508,1.0421082601104132,-0.00808044428763699
5.38,1.0,1.008418527698223,1.0418394496611756,-0.008250583366750774
5.39,1.0,1.0085842946187142,1.041571911796475,-0.008418527698222933
5.4,1.0,1.0087479013619722,1.0413056432702996,-0.008584294618714239
5.41,1.0,1.0089093650592695,1.0410406408214403,-0.008747901361972232
5.42,1.0,1.0090687027398422,1.0407769011737877,-0.008909365059269536
5.43,1.0,1.009225931331326,1.0405144210366266,-0.009068702739842172
5.44,1.0,1.0093810676601942,1.0402531971049271,-0.009225931331326098
5.45,1.0,1.0095341284521915,1.0399932260596347,-0.009381067660194198
5.46,1.0,1.0096851303327703,1.0397345045679567,-0.009534128452191482
5.47,1.0,1.0098340898275247,1.0394770292836444,-0.009685130332770298
5.48,1.0,1.0099810233626234,1.0392207968472769,-0.00983408982752465
5.49,1.0,1.010125947265243,1.0389658038865384,-0.009981023362623409
5.5,1.0,1.0102688777639994,1.038712047016494,-0.010125947265243074
5.51,1.0,1.0104098309893788,1.0384595228398643,-0.010268877763999429
5.5200000000000005,1.0,1.0105488229741684,1.038208227947297,-0.010409830989378754
5.53,1.0,1.0106858696538856,1.0379581589176345,-0.01054882297416837
5.54,1.0,1.0108209868672071,1.0377093123181804,-0.010685869653885627
5.55,1.0,1.0109541903563959,1.0374616847049636,-0.010820986867207116
5.5600000000000005,1.0,1.0110854957677289,1.0372152726229995,-0.010954190356395888
5.57,1.0,1.011214918651923,1.0369700726065487,-0.011085495767728881
5.58,1.0,1.0113424744645603,1.036726081179374,-0.011214918651923034
5.59,1.0,1.0114681785665125,1.0364832948549938,-0.01134247446456027
5.6000000000000005,1.0,1.0115920462243646,1.0362417101369348,-0.011468178566512499
5.61,1.0,1.0117140926108377,1.0360013235189802,-0.011592046224364605
5.62,1.0,1.0118343328052106,1.0357621314854177,-0.011714092610837668
5.63,1.0,1.011952781793741,1.0355241305112834,-0.011834332805210623
5.64,1.0,1.0120694544700855,1.0352873170626051,-0.01195278179374104
5.65,1.0,1.0121843656357183,1.035051687596642,-0.01206945447008545
5.66,1.0,1.0122975300003503,1.034817238562122,-0.012184365635718342
5.67,1.0,1.012408962182346,1.0345839663994778,-0.012297530000350276
5.68,1.0,1.0125186767091396,1.03435186754108,-0.012408962182345995
5.69,1.0,1.0126266880176513,1.034120938411469,-0.012518676709139642
5.7,1.0,1.012733010454701,1.0338911754275817,-0.012626688017651322
5.71,1.0,1.0128376582774223,1.033662574998981,-0.012733010454700988
5.72,1.0,1.0129406456536756,1.0334351335280776,-0.012837658277422337
5.73,1.0,1.013041986662459,1.0332088474103545,-0.012940645653675587
5.74,1.0,1.0131416952943195,1.032983713034585,-0.013041986662458926
5.75,1.0,1.0132397854517632,1.0327597267830524,-0.013141695294319522
5.76,1.0,1.0133362709496632,1.0325368850317656,-0.013239785451763186
5.7700000000000005,1.0,1.0134311655156683,1.0323151841506715,-0.013336270949663165
5.78,1.0,1.0135244827906094,1.0320946205038681,-0.013431165515668253
5.79,1.0,1.0136162363289054,1.0318751904498136,-0.01352448279060936
5.8,1.0,1.0137064395989686,1.0316568903415335,-0.013616236328905407
5.8100000000000005,1.0,1.013795105983608,1.0314397165268265,-0.013706439598968556
5.82,1.0,1.0138822487804322,1.0312236653484674,-0.013795105983607892
5.83,1.0,1.0139678812022521,1.0310087331444093,-0.013882248780432205
5.84,1.0,1.0140520163774807,1.030794916247982,-0.01396788120225212
5.8500000000000005,1.0,1.0141346673505338,1.0305822109880898,-0.014052016377480658
5.86,1.0,1.0142158470822282,1.0303706136894062,-0.014134667350533814
5.87,1.0,1.01429556845018,1.0301601206725686,-0.014215847082228228
5.88,1.0,1.014373844249201,1.0299507282543687,-0.014295568450179985
5.89,1.0,1.0144506871916947,1.029742432747942,-0.014373844249200962
5.9,1.0,1.0145261099080511,1.029535230462956,-0.014450687191694733
5.91,1.0,1.0146001249470398,1.0293291177057948,-0.014526109908051144
5.92,1.0,1.0146727447762034,1.029124090779744,-0.014600124947039772
5.93,1.0,1.0147439817822483,1.0289201459851716,-0.014672744776203395
5.94,1.0,1.0148138482714357,1.028717279619708,-0.014743981782248339
5.95,1.0,1.0148823564699707,1.028515487978425,-0.014813848271435726
5.96,1.0,1.0149495185243909,1.0283147673540116,-0.014882356469970714
5.97,1.0,1.0150153465019536,1.0281151140369478,-0.014949518524390859
5.98,1.0,1.0150798523910223,1.0279165243156774,-0.015015346501953575
5.99,1.0,1.015143048101451,1.0277189944767793,-0.015079852391022275
6.0,1.0,1.0152049454649694,1.0275225208051366,-0.015143048101450951
6.01,1.0,1.015265556235565,1.0273270995841028,-0.015204945464969422
6.0200000000000005,1.0,1.0153248920898656,1.0271327270956683,-0.015265556235565025
6.03,1.0,1.0153829646275194,1.026939399620623,-0.01532489208986565
6.04,1.0,1.0154397853715755,1.0267471134387196,-0.015382964627519424
6.05,1.0,1.015495365768862,1.026555864828832,-0.015439785371575532
6.0600000000000005,1.0,1.0155497171903631,1.0263656500691158,-0.015495365768861902
6.07,1.0,1.015602850931597,1.0261764654371635,-0.015549717190363133
6.08,1.0,1.0156547782129899,1.0259883072101597,-0.015602850931597079
6.09,1.0,1.0157055101802501,1.0258011716650355,-0.015654778212989884
6.1000000000000005,1.0,1.015755057904742,1.0256150550786192,-0.015705510180250126
6.11,1.0,1.0158034323838574,1.025429953727787,-0.015755057904742076
6.12,1.0,1.0158506445413862,1.0252458638896105,-0.015803432383857396
6.13,1.0,1.0158967052278869,1.025062781841505,-0.015850644541386183
6.140000000000001,1.0,1.0159416252210542,1.0248807038613732,-0.015896705227886887
6.15,1.0,1.0159854152260877,1.0246996262277492,-0.015941625221054245
6.16,1.0,1.0160280858760569,1.0245195452199407,-0.01598541522608765
6.17,1.0,1.0160696477322675,1.024340457118169,-0.016028085876056863
6.18,1.0,1.0161101112846247,1.0241623582037076,-0.01606964773226749
6.19,1.0,1.0161494869519967,1.0239852447590208,-0.016110111284624695
6.2,1.0,1.0161877850825762,1.0238091130678975,-0.016149486951996694
6.21,1.0,1.0162250159542412,1.0236339594155859,-0.016187785082576234
6.22,1.0,1.0162611897749145,1.0234597800889274,-0.016225015954241195
6.23,1.0,1.0162963166829224,1.0232865713764854,-0.01626118977491453
6.24,1.0,1.016330406747351,1.0231143295686767,-0.016296316682922418
6.25,1.0,1.0163634699684039,1.0229430509578987,-0.01633040674735109
6.26,1.0,1.0163955162777552,1.0227727318386568,-0.016363469968403876
6.2700000000000005,1.0,1.0164265555389047,1.0226033685076878,-0.01639551627775515
6.28,1.0,1.0164565975475306,1.0224349572640865,-0.016426555538904708
6.29,1.0,1.0164856520318402,1.022267494409424,-0.016456597547530594
6.3,1.0,1.0165137286529202,1.0221009762478723,-0.01648565203184016
6.3100000000000005,1.0,1.0165408370050872,1.0219353990863216,-0.016513728652920223
6.32,1.0,1.0165669866162343,1.021770759234498,-0.01654083700508724
6.33,1.0,1.0165921869481787,1.0216070530050807,-0.016566986616234347
6.34,1.0,1.016616447397007,1.0214442767138177,-0.016592186948178655
6.3500000000000005,1.0,1.0166397772934201,1.0212824266796383,-0.01661644739700696
6.36,1.0,1.0166621859030769,1.0211214992247664,-0.016639777293420144
6.37,1.0,1.0166836824269356,1.020961490674831,-0.016662185903076887
6.38,1.0,1.0167042760015959,1.020802397358976,-0.01668368242693563
6.390000000000001,1.0,1.0167239756996378,1.0206442156099682,-0.016704276001595852
6.4,1.0,1.016742790529961,1.0204869417643052,-0.016723975699637794
6.41,1.0,1.016760729438123,1.0203305721623201,-0.016742790529961082
6.42,1.0,1.0167778013066737,1.0201751031482862,-0.0167607294381229
6.43,1.0,1.016794014955493,1.0200205310705204,-0.016777801306673723
6.44,1.0,1.016809379142123,1.0198668522814835,-0.016794014955493042
6.45,1.0,1.016823902562102,1.0197140631378836,-0.016809379142123104
6.46,1.0,1.0168375938492953,1.019562160000772,-0.016823902562101978
6.47,1.0,1.016850461576227,1.0194111392356433,-0.016837593849295285
6.48,1.0,1.0168625142544085,1.0192609972125308,-0.01685046157622705
6.49,1.0,1.016873760334667,1.019111730306103,-0.016862514254408545
6.5,1.0,1.0168842082074723,1.0189633348957579,-0.01687376033466692
6.51,1.0,1.0168938662032634,1.018815807365714,-0.016884208207472273
6.5200000000000005,1.0,1.0169027425927726,1.018669144105105,-0.016893866203263386
6.53,1.0,1.016910845587349,1.018523341508068,-0.01690274259277258
6.54,1.0,1.0169181833392815,1.018378395973834,-0.01691084558734901
6.55,1.0,1.0169247639421193,1.018234303906816,-0.016918183339281523
6.5600000000000005,1.0,1.0169305954309922,1.0180910617166965,-0.01692476394211928
6.57,1.0,1.0169356857829297,1.0179486658185122,-0.01693059543099218
6.58,1.0,1.0169400429171787,1.0178071126327393,-0.0169356857829297
6.59,1.0,1.0169436746955196,1.017666398585377,-0.016940042917178655
6.6000000000000005,1.0,1.0169465889225822,1.0175265201080304,-0.016943674695519606
6.61,1.0,1.0169487933461592,1.0173874736379913,-0.016946588922582162
6.62,1.0,1.01695029565752,1.0172492556183181,-0.016948793346159174
6.63,1.0,1.016951103491722,1.0171118624979159,-0.016950295657520043
6.640000000000001,1.0,1.0169512244279215,1.0169752907316132,-0.01695110349172202
6.65,1.0,1.0169506659896832,1.01683953678024,-0.01695122442792152
6.66,1.0,1.0169494356452884,1.0167045971107027,-0.0169506659896832
6.67,1.0,1.0169475408080422,1.016570468196059,-0.01694943564528839
6.68,1.0,1.01694498883658,1.0164371465155921,-0.016947540808042172
6.69,1.0,1.0169417870351716,1.0163046285548822,-0.01694498883658002
6.7,1.0,1.016937942654025,1.0161729108058797,-0.016941787035171574
6.71,1.0,1.0169334628895899,1.0160419897669741,-0.01693794265402504
6.72,1.0,1.0169283548848573,1.015911861943064,-0.016933462889589856
6.73,1.0,1.016922625729661,1.0157825238456264,-0.016928354884857333
6.74,1.0,1.0169162824609768,1.015653971992783,-0.016922625729661078
6.75,1.0,1.0169093320632188,1.0155262029093668,-0.01691628246097676
6.76,1.0,1.0169017814685377,1.0153992131269887,-0.016909332063218763
6.7700000000000005,1.0,1.0168936375571156,1.0152729991841,-0.016901781468537713
6.78,1.0,1.0168849071574604,1.0151475576260582,-0.016893637557115593
6.79,1.0,1.016875597046699,1.0150228850051877,-0.016884907157460383
6.8,1.0,1.0168657139508697,1.0148989778808417,-0.016875597046698942
6.8100000000000005,1.0,1.0168552645452127,1.0147758328194634,-0.016865713950869665
6.82,1.0,1.0168442554544599,1.0146534463946448,-0.01685526454521269
6.83,1.0,1.0168326932531235,1.0145318151871865,-0.01684425545445989
6.84,1.0,1.0168205844657836,1.0144109357851545,-0.016832693253123532
6.8500000000000005,1.0,1.0168079355673745,1.0142908047839376,-0.016820584465783606
6.86,1.0,1.016794752983469,1.0141714187863022,-0.016807935567374477
6.87,1.0,1.016781043090564,1.0140527744024497,-0.016794752983469108
6.88,1.0,1.0167668122163616,1.0139348682500682,-0.01678104309056394
6.890000000000001,1.0,1.0167520666400516,1.0138176969543866,-0.01676681221636156
6.9,1.0,1.0167368125925924,1.0137012571482278,-0.016752066640051577
6.91,1.0,1.0167210562569897,1.0135855454720581,-0.01673681259259241
6.92,1.0,1.016704803768575,1.0134705585740407,-0.01672105625698972
6.93,1.0,1.0166880612152827,1.0133562931100824,-0.016704803768575083
6.94,1.0,1.0166708346379256,1.0132427457438844,-0.016688061215282657
6.95,1.0,1.0166531300304709,1.0131299131469909,-0.016670834637925624
6.96,1.0,1.0166349533403127,1.013017791998833,-0.016653130030470864
6.97,1.0,1.016616310468545,1.012906378986779,-0.01663495334031273
6.98,1.0,1.0165972072702332,1.0127956708061778,-0.01661631046854506
6.99,1.0,1.016577649554684,1.0126856641604036,-0.016597207270233172
7.0,1.0,1.0165576430857153,1.0125763557609007,-0.016577649554684104
7.01,1.0,1.0165371935819227,1.012467742327226,-0.01655764308571528
7.0200000000000005,1.0,1.0165163067169485,1.0123598205870912,-0.016537193581922738
7.03,1.0,1.0164949881197458,1.012252587276405,-0.01651630671694848
7.04,1.0,1.0164732433748436,1.0121460391393124,-0.016494988119745813
7.05,1.0,1.0164510780226106,1.0120401729282371,-0.01647324337484357
7.0600000000000005,1.0,1.016428497559517,1.0119349854039181,-0.016451078022610588
7.07,1.0,1.0164055074383966,1.0118304733354493,-0.01642849755951703
7.08,1.0,1.0163821130687063,1.0117266335003179,-0.016405507438396638
7.09,1.0,1.016358319816785,1.0116234626844391,-0.016382113068706294
7.1000000000000005,1.0,1.016334133006112,1.011520957682195,-0.016358319816784928
7.11,1.0,1.0163095579175638,1.0114191152964684,-0.016334133006111973
7.12,1.0,1.0162845997896695,1.0113179323386772,-0.016309557917563833
7.13,1.0,1.0162592638188652,1.01121740562881,-0.01628459978966945
7.140000000000001,1.0,1.0162335551597481,1.0111175319954577,-0.01625926381886522
7.15,1.0,1.0162074789253286,1.0110183082758473,-0.016233555159748114
7.16,1.0,1.0161810401872813,1.0109197313158726,-0.01620747892532859
7.17,1.0,1.0161542439761955,1.0108217979701268,-0.01618104018728128
7.18,1.0,1.0161270952818242,1.0107245051019316,-0.01615424397619547
7.19,1.0,1.016099599053332,1.0106278495833676,-0.01612709528182421
7.2,1.0,1.0160717601995417,1.0105318282953037,-0.016099599053331914
7.21,1.0,1.0160435835891812,1.0104364381274253,-0.016071760199541707
7.22,1.0,1.0160150740511267,1.0103416759782615,-0.01604358358918123
7.23,1.0,1.015986236374647,1.0102475387552137,-0.016015074051126676
7.24,1.0,1.0159570753096467,1.0101540233745803,-0.015986236374647023
7.25,1.0,1.0159275955669065,1.0100611267615833,-0.01595707530964674
7.26,1.0,1.015897801818324,1.0099688458503944,-0.015927595566906483
7.2700000000000005,1.0,1.015867698697153,1.0098771775841582,-0.01589780181832401
7.28,1.0,1.0158372907982425,1.0097861189150168,-0.0158676986971531
7.29,1.0,1.0158065826782718,1.0096956668041321,-0.015837290798242476
7.3,1.0,1.015775578855989,1.0096058182217111,-0.01580658267827184
7.3100000000000005,1.0,1.0157442838124442,1.0095165701470243,-0.015775578855989014
7.32,1.0,1.0157127019912242,1.0094279195684301,-0.015744283812444193
7.33,1.0,1.015680837798685,1.0093398634833946,-0.01571270199122421
7.34,1.0,1.0156486956041841,1.0092523988985118,-0.01568083779868501
7.3500000000000005,1.0,1.0156162797403108,1.0091655228295233,-0.015648695604184137
7.36,1.0,1.015583594503116,1.009079232301338,-0.015616279740310768
7.37,1.0,1.0155506441523405,1.0089935243480492,-0.015583594503115972
7.38,1.0,1.0155174329116436,1.0089083960129548,-0.015550644152340531
7.390000000000001,1.0,1.0154839649688283,1.0088238443485722,-0.015517432911643647
7.4,1.0,1.0154502444760674,1.0087398664166574,-0.015483964968828312
7.41,1.0,1.0154162755501281,1.00865645928822,-0.015450244476067354
7.42,1.0,1.015382062272595,1.0085736200435382,-0.015416275550128145
7.43,1.0,1.015347608690093,1.008491345772177,-0.015382062272595087
7.44,1.0,1.0153129188145076,1.0084096335729988,-0.015347608690092995
7.45,1.0,1.015277996623206,1.0083284805541806,-0.015312918814507581
7.46,1.0,1.015242846059256,1.0082478838332263,-0.015277996623205947
7.47,1.0,1.0152074710316445,1.0081678405369807,-0.015242846059255966
7.48,1.0,1.0151718754154946,1.0080883478016405,-0.015207471031644548
7.49,1.0,1.015136063052281,1.008009402772767,-0.015171875415494585
7.5,1.0,1.015100037750046,1.0079310026052994,-0.01513606305228099
7.51,1.0,1.0150638032836137,1.007853144463563,-0.015100037750046091
7.5200000000000005,1.0,1.015027363394802,1.0077758255212816,-0.015063803283613675
7.53,1.0,1.014990721792636,1.0076990429615869,-0.01502736339480193
7.54,1.0,1.014953882153558,1.0076227939770275,-0.014990721792635942
7.55,1.0,1.0149168481216382,1.00754707576958,-0.014953882153557974
7.5600000000000005,1.0,1.0148796233087833,1.0074718855506553,-0.014916848121638182
7.57,1.0,1.014842211294945,1.007397220541108,-0.01487962330878334
7.58,1.0,1.0148046156283264,1.0073230779712437,-0.014842211294944896
7.59,1.0,1.014766839825589,1.0072494550808264,-0.014804615628326356
7.6000000000000005,1.0,1.0147288873720564,1.0071763491190848,-0.014766839825588907
7.61,1.0,1.0146907617219196,1.007103757344719,-0.014728887372056354
7.62,1.0,1.0146524662984395,1.0070316770259067,-0.014690761721919632
7.63,1.0,1.014614004494149,1.0069601054403075,-0.014652466298439526
7.640000000000001,1.0,1.0145753796710535,1.0068890398750685,-0.014614004494148958
7.65,1.0,1.0145365951608323,1.0068184776268299,-0.01457537967105349
7.66,1.0,1.0144976542650368,1.0067484160017268,-0.014536595160832277
7.67,1.0,1.0144585602552887,1.006678852315395,-0.014497654265036797
7.68,1.0,1.0144193163734772,1.0066097838929724,-0.014458560255288688
7.69,1.0,1.0143799258319552,1.0065412080691039,-0.014419316373477153
7.7,1.0,1.0143403918137353,1.0064731221879424,-0.014379925831955243
7.71,1.0,1.0143007174726824,1.0064055236031508,-0.014340391813735254
7.72,1.0,1.0142609059337084,1.0063384096779044,-0.014300717472682356
7.73,1.0,1.0142209602929644,1.0062717777848917,-0.014260905933708434
7.74,1.0,1.014180883618031,1.006205625306315,-0.01422096029296438
7.75,1.0,1.0141406789481104,1.0061399496338912,-0.014180883618031048
7.76,1.0,1.0141003492942142,1.0060747481688517,-0.014140678948110441
7.7700000000000005,1.0,1.014059897639353,1.0060100183219423,-0.01410034929421422
7.78,1.0,1.0140193269387232,1.005945757513422,-0.014059897639352892
7.79,1.0,1.013978640119895,1.0058819631730627,-0.014019326938723209
7.8,1.0,1.0139378400829961,1.0058186327401468,-0.013978640119894914
7.8100000000000005,1.0,1.0138969297008984,1.0057557636634662,-0.013937840082996145
7.82,1.0,1.0138559118194006,1.0056933534013195,-0.013896929700898397
7.83,1.0,1.0138147892574112,1.0056313994215098,-0.013855911819400601
7.84,1.0,1.0137735648071309,1.0055698992013418,-0.013814789257411197
7.8500000000000005,1.0,1.0137322412342333,1.0055088502276188,-0.013773564807130878
7.86,1.0,1.0136908212780453,1.0054482499966388,-0.013732241234233333
7.87,1.0,1.0136493076517261,1.0053880960141905,-0.013690821278045329
7.88,1.0,1.0136077030424453,1.005328385795549,-0.013649307651726117
7.890000000000001,1.0,1.0135660101115604,1.0052691168654724,-0.013607703042445296
7.9,1.0,1.0135242314947936,1.0052102867581945,-0.013566010111560445
7.91,1.0,1.0134823698024067,1.0051518930174221,-0.013524231494793648
7.92,1.0,1.0134404276193762,1.0050939331963282,-0.01348236980240669
7.930000000000001,1.0,1.013398407505567,1.0050364048575453,-0.01344042761937625
7.94,1.0,1.013356311995905,1.0049793055731613,-0.01339840750556709
7.95,1.0,1.013314143600549,1.0049226329247114,-0.013356311995905035
7.96,1.0,1.0132719048050622,1.0048663845031713,-0.013314143600549055
7.97,1.0,1.0132295980705817,1.004810557908951,-0.01327190480506224
7.98,1.0,1.0131872258339882,1.004755150751887,-0.01322959807058166
7.99,1.0,1.0131447905080744,1.0047001606512347,-0.013187225833988236
8.0,1.0,1.0131022944817123,1.0046455852356595,-0.013144790508074378
8.01,1.0,1.0130597401200199,1.0045914221432293,-0.013102294481712295
8.02,1.0,1.0130171297645267,1.0045376690214067,-0.01305974012001987
8.03,1.0,1.0129744657333393,1.0044843235270382,-0.013017129764526736
8.040000000000001,1.0,1.0129317503213042,1.0044313833263467,-0.012974465733339269
8.05,1.0,1.0128889858001724,1.0043788460949221,-0.012931750321304225
8.06,1.0,1.01284617441876,1.00432670951771,-0.012888985800172392
8.07,1.0,1.0128033184031113,1.0042749712890033,-0.012846174418760015
8.08,1.0,1.012760419956658,1.0042236291124316,-0.01280331840311133
8.09,1.0,1.0127174812603794,1.0041726807009508,-0.012760419956657998
8.1,1.0,1.0126745044729617,1.0041221237768319,-0.012717481260379415
8.11,1.0,1.0126314917309551,1.00407195607165,-0.0126745044729617
8.120000000000001,1.0,1.0125884451489318,1.0040221753262741,-0.012631491730955124
8.13,1.0,1.0125453668196414,1.0039727792908546,-0.01258844514893176
8.14,1.0,1.0125022588141672,1.0039237657248117,-0.012545366819641357
8.15,1.0,1.0124591231820805,1.0038751323968236,-0.012502258814167222
8.16,1.0,1.0124159619515942,1.0038268770848144,-0.012459123182080534
8.17,1.0,1.012372777129716,1.0037789975759415,-0.012415961951594223
8.18,1.0,1.0123295707024003,1.0037314916665827,-0.012372777129715962
8.19,1.0,1.0122863446347,1.0036843571623237,-0.012329570702400261
8.2,1.0,1.012243100870916,1.003637591877945,-0.012286344634699908
8.21,1.0,1.0121998413347486,1.003591193637408,-0.012243100870916068
8.22,1.0,1.012156567929444,1.0035451602738414,-0.012199841334748607
8.23,1.0,1.0121132825379444,1.003499489629529,-0.012156567929443973
8.24,1.0,1.012069987023034,1.003454179555893,-0.012113282537944414
8.25,1.0,1.0120266832274862,1.0034092279134819,-0.012069987023034079
8.26,1.0,1.0119833729742085,1.0033646325719552,-0.012026683227486235
8.27,1.0,1.0119400580663878,1.0033203914100688,-0.011983372974208484
8.28,1.0,1.0118967402876342,1.00327650231566,-0.01194005806638776
8.290000000000001,1.0,1.0118534214021242,1.003232963185633,-0.011896740287634211
8.3,1.0,1.0118101031547433,1.003189771925944,-0.011853421402124198
8.31,1.0,1.0117667872712275,1.003146926451584,-0.01181010315474329
8.32,1.0,1.0117234754583042,1.003104424686565,-0.011766787271227486
8.33,1.0,1.0116801694038322,1.0030622645639033,-0.011723475458304211
8.34,1.0,1.011636870776941,1.0030204440256032,-0.011680169403832208
8.35,1.0,1.0115935812281696,1.002978961022642,-0.011636870776940977
8.36,1.0,1.0115503023896035,1.0029378135149523,-0.011593581228169558
8.370000000000001,1.0,1.0115070358750125,1.002896999471406,-0.011550302389603528
8.38,1.0,1.0114637832799864,1.0028565168697985,-0.01150703587501245
8.39,1.0,1.0114205461820707,1.0028163636968295,-0.011463783279986428
8.4,1.0,1.0113773261409007,1.0027765379480886,-0.011420546182070668
8.41,1.0,1.0113341246983363,1.0027370376280358,-0.011377326140900701
8.42,1.0,1.0112909433785946,1.002697860749986,-0.011334124698336279
8.43,1.0,1.011247783688382,1.0026590053360893,-0.011290943378594598
8.44,1.0,1.0112046471170266,1.0026204694173158,-0.011247783688381974
8.45,1.0,1.0111615351366086,1.002582251033435,-0.011204647117026623
8.46,1.0,1.0111184492020906,1.0025443482330005,-0.011161535136608558
8.47,1.0,1.0110753907514467,1.0025067590733292,-0.011118449202090597
8.48,1.0,1.0110323612057919,1.002469481620485,-0.011075390751446701
8.49,1.0,1.0109893619695092,1.0024325139492594,-0.011032361205791874
8.5,1.0,1.0109463944303774,1.0023958541431524,-0.01098936196950917
8.51,1.0,1.0109034599596973,1.0023595002943544,-0.01094639443037737
8.52,1.0,1.0108605599124174,1.0023234505037275,-0.010903459959697326
8.53,1.0,1.0108176956272592,1.0022877028807857,-0.010860559912417411
8.540000000000001,1.0,1.0107748684268414,1.0022522555436764,-0.010817695627259205
8.55,1.0,1.010732079617803,1.0022171066191596,-0.010774868426841389
8.56,1.0,1.010689330490927,1.0021822542425909,-0.010732079617802981
8.57,1.0,1.0106466223212618,1.0021476965578997,-0.010689330490927018
8.58,1.0,1.0106039563682434,1.0021134317175706,-0.01064662232126179
8.59,1.0,1.0105613338758153,1.0020794578826226,-0.010603956368243406
8.6,1.0,1.010518756072549,1.0020457732225907,-0.01056133387581526
8.61,1.0,1.0104762241717637,1.0020123759155035,-0.01051875607254904
8.620000000000001,1.0,1.0104337393716443,1.0019792641478655,-0.010476224171763748
8.63,1.0,1.0103913028553593,1.0019464361146346,-0.010433739371644268
8.64,1.0,1.0103489157911785,1.0019138900192035,-0.010391302855359275
8.65,1.0,1.0103065793325894,1.0018816240733777,-0.01034891579117847
8.66,1.0,1.0102642946184133,1.001849636497355,-0.010306579332589383
8.67,1.0,1.0102220627729197,1.0018179255197057,-0.010264294618413272
8.68,1.0,1.0101798849059418,1.0017864893773505,-0.010222062772919704
8.69,1.0,1.01013776211299,1.0017553263155405,-0.010179884905941794
8.700000000000001,1.0,1.0100956954753642,1.0017244345878353,-0.01013776211298989
8.71,1.0,1.0100536860602678,1.0016938124560824,-0.010095695475364153
8.72,1.0,1.0100117349209183,1.0016634581903952,-0.010053686060267797
8.73,1.0,1.0099698430966595,1.0016333700691322,-0.010011734920918336
8.74,1.0,1.0099280116130707,1.0016035463788755,-0.009969843096659492
8.75,1.0,1.0098862414820773,1.001573985414409,-0.009928011613070664
8.76,1.0,1.0098445337020603,1.0015446854786965,-0.009886241482077285
8.77,1.0,1.0098028892579642,1.0015156448828604,-0.009844533702060287
8.78,1.0,1.0097613091214053,1.0014868619461592,-0.009802889257964242
8.790000000000001,1.0,1.009719794250778,1.001458334995966,-0.00976130912140527
8.8,1.0,1.009678345591363,1.0014300623677477,-0.009719794250778069
8.81,1.0,1.0096369640754312,1.0014020424050396,-0.009678345591362936
8.82,1.0,1.0095956506223511,1.0013742734594266,-0.009636964075431242
8.83,1.0,1.009554406138692,1.0013467538905192,-0.009595650622351126
8.84,1.0,1.0095132315183282,1.0013194820659312,-0.009554406138692073
8.85,1.0,1.009472127642543,1.0012924563612584,-0.009513231518328169
8.86,1.0,1.0094310953801304,1.0012656751600542,-0.009472127642542905
8.870000000000001,1.0,1.0093901355874988,1.0012391368538087,-0.009431095380130428
8.88,1.0,1.009349249108771,1.0012128398419256,-0.009390135587498794
8.89,1.0,1.0093084367758856,1.001186782531699,-0.009349249108770996
8.9,1.0,1.0092676994086975,1.0011609633382912,-0.009308436775885554
8.91,1.0,1.0092270378150776,1.0011353806847099,-0.009267699408697538
8.92,1.0,1.009186452791011,1.0011100330017841,-0.00922703781507761
8.93,1.0,1.0091459451206968,1.0010849187281432,-0.009186452791011046
8.94,1.0,1.0091055155766442,1.0010600363101922,-0.009145945120696775
8.950000000000001,1.0,1.0090651649197715,1.0010353842020898,-0.009105515576644185
8.96,1.0,1.0090248938995012,1.0010109608657238,-0.009065164919771496
8.97,1.0,1.0089847032538573,1.00098676477069,-0.00902489389950123
8.98,1.0,1.0089445937095594,1.0009627943942667,-0.008984703253857251
8.99,1.0,1.0089045659821185,1.0009390482213933,-0.008944593709559356
9.0,1.0,1.008864620775931,1.0009155247446457,-0.008904565982118529
9.01,1.0,1.0088247587843724,1.0008922224642136,-0.008864620775931087
9.02,1.0,1.0087849806898899,1.0008691398878766,-0.008824758784372388
9.03,1.0,1.0087452871640954,1.0008462755309808,-0.008784980689889865
9.040000000000001,1.0,1.008705678867857,1.0008236279164149,-0.008745287164095394
9.05,1.0,1.0086661564513906,1.0008011955745881,-0.008705678867857003
9.06,1.0,1.0086267205543507,1.0007789770434052,-0.008666156451390572
9.07,1.0,1.0085873718059202,1.0007569708682418,-0.008626720554350653
9.08,1.0,1.0085481108249001,1.0007351756019236,-0.008587371805920174
9.09,1.0,1.0085089382197991,1.0007135898047004,-0.008548110824900146
9.1,1.0,1.0084698545889212,1.0006922120442223,-0.008508938219799145
9.11,1.0,1.0084308605204542,1.0006710408955173,-0.008469854588921244
9.120000000000001,1.0,1.0083919565925568,1.0006500749409666,-0.008430860520454164
9.13,1.0,1.0083531433734454,1.0006293127702797,-0.00839195659255676
9.14,1.0,1.0083144214214805,1.000608752980473,-0.008353143373445393
9.15,1.0,1.0082757912852522,1.0005883941758433,-0.008314421421480533
9.16,1.0,1.0082372535036657,1.0005682349679452,-0.008275791285252243
9.17,1.0,1.0081988086060252,1.0005482739755671,-0.008237253503665665
9.18,1.0,1.0081604571121185,1.0005285098247065,-0.008198808606025176
9.19,1.0,1.0081221995323006,1.0005089411485462,-0.008160457112118547
9.200000000000001,1.0,1.0080840363675763,1.0004895665874307,-0.008122199532300645
9.21,1.0,1.0080459681096825,1.0004703847888416,-0.008084036367576264
9.22,1.0,1.008007995241171,1.0004513944073736,-0.0080459681096825
9.23,1.0,1.0079701182354885,1.00043259410471,-0.008007995241170907
9.24,1.0,1.007932337557059,1.0004139825495995,-0.007970118235488544
9.25,1.0,1.0078946536613629,1.0003955584178308,-0.007932337557059022
9.26,1.0,1.007857066995017,1.0003773203922097,-0.007894653661362883
9.27,1.0,1.0078195779958548,1.0003592671625339,-0.007857066995017092
9.28,1.0,1.0077821870930033,1.0003413974255686,-0.007819577995854754
9.290000000000001,1.0,1.0077448947069634,1.0003237098850235,-0.007782187093003268
9.3,1.0,1.0077077012496862,1.0003062032515273,-0.007744894706963379
9.31,1.0,1.0076706071246508,1.0002888762426043,-0.007707701249686227
9.32,1.0,1.0076336127269407,1.0002717275826492,-0.007670607124650841
9.33,1.0,1.0075967184433205,1.0002547560029043,-0.007633612726940742
9.34,1.0,1.007559924652311,1.000237960241433,-0.007596718443320549
9.35,1.0,1.007523231724265,1.0002213390430978,-0.007559924652311034
9.36,1.0,1.0074866400214415,1.0002048911595345,-0.007523231724265056
9.370000000000001,1.0,1.00745014989808,1.0001886153491286,-0.007486640021441504
9.38,1.0,1.0074137617004744,1.000172510376991,-0.007450149898079905
9.39,1.0,1.0073774757670466,1.0001565750149328,-0.007413761700474364
9.4,1.0,1.0073412924284186,1.0001408080414425,-0.007377475767046615
9.41,1.0,1.0073052120074848,1.0001252082416596,-0.007341292428418633
9.42,1.0,1.007269234819484,1.000109774407353,-0.007305212007484796
9.43,1.0,1.0072333611720712,1.0000945053368941,-0.0072692348194840495
9.44,1.0,1.007197591365387,1.0000793998352338,-0.007233361172071184
9.450000000000001,1.0,1.0071619256921294,1.0000644567138783,-0.007197591365387002
9.46,1.0,1.007126364437623,1.0000496747908643,-0.007161925692129367
9.47,1.0,1.0070909078798884,1.000035052890735,-0.007126364437622934
9.48,1.0,1.0070555562897117,1.0000205898445154,-0.0070909078798884195
9.49,1.0,1.0070203099307116,1.0000062844896884,-0.007055556289711662
9.5,1.0,1.006985169059409,0.9999921356701708,-0.007020309930711566
9.51,1.0,1.0069501339252933,0.9999781422362881,-0.0069851690594089355
9.52,1.0,1.0069152047708907,0.9999643030447516,-0.006950133925293311
9.53,1.0,1.0068803818318295,0.9999506169586323,-0.006915204770890693
9.540000000000001,1.0,1.0068456653369071,0.9999370828473386,-0.006880381831829485
9.55,1.0,1.0068110555081555,0.9999236995865909,-0.006845665336907114
9.56,1.0,1.0067765525609067,0.9999104660583975,-0.006811055508155528
9.57,1.0,1.0067421567038572,0.999897381151031,-0.006776552560906701
9.58,1.0,1.006707868139133,0.9998844437590031,-0.006742156703857249
9.59,1.0,1.0066736870623525,0.9998716527830414,-0.006707868139133044
9.6,1.0,1.0066396136626912,0.9998590071300649,-0.006673687062352496
9.61,1.0,1.0066056481229435,0.9998465057131596,-0.006639613662691168
9.620000000000001,1.0,1.0065717906195866,0.9998341474515553,-0.006605648122943508
9.63,1.0,1.0065380413228417,0.9998219312706002,-0.0065717906195865705
9.64,1.0,1.0065044003967363,0.9998098561017373,-0.006538041322841748
9.65,1.0,1.006470867999165,0.9997979208824812,-0.006504400396736276
9.66,1.0,1.006437444281951,0.9997861245563929,-0.006470867999164964
9.67,1.0,1.0064041293909065,0.9997744660730564,-0.0064374442819510325
9.68,1.0,1.0063709234658922,0.9997629443880542,-0.00640412939090651
9.69,1.0,1.0063378266408773,0.9997515584629443,-0.0063709234658921865
9.700000000000001,1.0,1.006304839043999,0.9997403072652349,-0.006337826640877342
9.71,1.0,1.006271960797621,0.9997291897683618,-0.006304839043999033
9.72,1.0,1.006239192018391,0.9997182049516636,-0.006271960797620935
9.73,1.0,1.0062065328173009,0.9997073518003585,-0.006239192018391071
9.74,1.0,1.006173983299742,0.9996966293055196,-0.0062065328173008805
9.75,1.0,1.0061415435655636,0.9996860364640519,-0.0061739832997420585
9.76,1.0,1.0061092137091292,0.999675572278668,-0.006141543565563623
9.77,1.0,1.006076993819373,0.9996652357578648,-0.006109213709129202
9.78,1.0,1.0060448839798557,0.9996550259158992,-0.006076993819372989
9.790000000000001,1.0,1.0060128842688203,0.9996449417727649,-0.0060448839798556975
9.8,1.0,1.005980994759247,0.9996349823541686,-0.0060128842688202955
9.81,1.0,1.0059492155189083,0.9996251466915058,-0.005980994759247071
9.82,1.0,1.0059175466104229,0.9996154338218385,-0.005949215518908257
9.83,1.0,1.00588598809131,0.9996058427878697,-0.005917546610422875
9.84,1.0,1.005854540014043,0.9995963726379218,-0.005885988091310024
9.85,1.0,1.0058232024261025,0.9995870224259116,-0.005854540014043064
9.86,1.0,1.0057919753700286,0.9995777912113281,-0.005823202426102458
9.870000000000001,1.0,1.0057608588834746,0.9995686780592079,-0.005791975370028624
9.88,1.0,1.0057298529992578,0.9995596820401125,-0.005760858883474551
9.89,1.0,1.005698957745412,0.9995508022301047,-0.005729852999257767
9.9,1.0,1.0056681731452386,0.9995420377107255,-0.00569895774541207
9.91,1.0,1.0056374992173573,0.9995333875689704,-0.0056681731452385975
9.92,1.0,1.005606935975757,0.999524850897266,-0.005637499217357345
9.93,1.0,1.0055764834298453,0.9995164267934475,-0.005606935975756899
9.94,1.0,1.0055461415844997,0.9995081143607354,-0.0055764834298452914
9.950000000000001,1.0,1.0055159104401157,0.9994999127077112,-0.005546141584499731
9.96,1.0,1.0054857899926566,0.9994918209482961,-0.005515910440115679
9.97,1.0,1.0054557802337019,0.9994838382017261,-0.005485789992656587
9.98,1.0,1.005425881150496,0.9994759635925305,-0.005455780233701857
9.99,1.0,1.005396092725996,0.9994681962505081,-0.005425881150495915
